username,komentar,clean_comment,stem_comment,tokens,label
kompascom,"KOREKSI: Dalam infografis tertulis â€œPeriode survei berlangsung pada 15-20 Juli 2024â€. Seharusnya ""Periode survei berlangsung pada 15-20 Juni 2024â€ Kami mohon maaf atas kekeliruan ini.",koreksi infografis tertulis periode survei juli periode survei juni mohon maaf kekeliruan,koreksi infografis tulis periode survei juli periode survei juni mohon maaf keliru,"['koreksi', 'infografis', 'tulis', 'periode', 'survei', 'juli', 'periode', 'survei', 'juni', 'mohon', 'maaf', 'keliru']",netral
noto.aries.3,"Pdip dukung anies aja, agar bisa menang jadi sakit hati pilpres ke Jokowi bisa terobati ğŸ˜‚",pdip dukung anies aja menang sakit hati pilpres jokowi terobati,pdip dukung anies aja menang sakit hati pilpres jokowi obat,"['pdip', 'dukung', 'anies', 'aja', 'menang', 'sakit', 'hati', 'pilpres', 'jokowi', 'obat']",netral
fakta.jakarta,Kok respondennya cuma 400 orang min? ğŸ˜‚ Di akun kami polling 93 ribu respondennya hasilnya beda: .Anies 18%Ahok 41%Ridwan Kamil 27%,respondennya orang min akun polling ribu respondennya hasilnya beda anies ahok ridwan kamil,responden orang min akun polling ribu responden hasil beda anies ahok ridwan kamil,"['responden', 'orang', 'min', 'akun', 'polling', 'ribu', 'responden', 'hasil', 'beda', 'anies', 'ahok', 'ridwan', 'kamil']",netral
annie_anieeeee,Tetep Ahok â¤ï¸â¤ï¸â¤ï¸â¤ï¸ğŸ”¥ğŸ”¥ğŸ”¥ğŸ”¥ğŸ”¥,tetep ahok,tetep ahok,"['tetep', 'ahok']",netral
info___rumahbaru,ahok aja daripada si mANIES,ahok aja si manies,ahok aja si manies,"['ahok', 'aja', 'si', 'manies']",netral
hetihimawati,Anies Baswedan tetep yg bersinar,anies baswedan tetep yg bersinar,anies baswedan tetep yg sinar,"['anies', 'baswedan', 'tetep', 'yg', 'sinar']",netral
muhgamma,Ahok aja udah.. Lagian maren anies jadi gubernur kaga ada yg keurus.. Cuma dandanin Transjakarta aja 5 tahun.. Yg lain kaga kepegang..banjir apalagi,ahok aja udah maren anies gubernur kaga yg keurus dandanin transjakarta aja yg kaga kepegangbanjir,ahok aja udah maren anies gubernur kaga yg urus dandanin transjakarta aja yg kaga kepegangbanjir,"['ahok', 'aja', 'udah', 'maren', 'anies', 'gubernur', 'kaga', 'yg', 'urus', 'dandanin', 'transjakarta', 'aja', 'yg', 'kaga', 'kepegangbanjir']",netral
pewariswali54,"Tumben Pak Anis tertinggi. Biasanya, dibikin rendah..ğŸ˜‚",tumben anis tertinggi dibikin rendah,tumben anis tinggi bikin rendah,"['tumben', 'anis', 'tinggi', 'bikin', 'rendah']",netral
wan_da104,"Buat warga DKI kalau ingin hidup makmur , kotanya tertib teratur  ya pilih Anies",warga dki hidup makmur kotanya tertib teratur ya pilih anies,warga dki hidup makmur kota tertib atur ya pilih anies,"['warga', 'dki', 'hidup', 'makmur', 'kota', 'tertib', 'atur', 'ya', 'pilih', 'anies']",netral
sugiihartono,Abah Anies Baswedan tetap di hati warga jakarta â¤ï¸,abah anies baswedan hati warga jakarta,abah anies baswedan hati warga jakarta,"['abah', 'anies', 'baswedan', 'hati', 'warga', 'jakarta']",netral
dedyzboen,Makin ancur jakarta kalo di pgg si mr yemen lagiğŸ˜­ğŸ˜­ğŸ˜­,ancur jakarta kalo pgg si mr yemen,ancur jakarta kalo pgg si mr yen,"['ancur', 'jakarta', 'kalo', 'pgg', 'si', 'mr', 'yen']",netral
hamdyaedhon99,Jakarta sekali lagi pak aniesğŸ”¥ğŸ”¥,jakarta anies,jakarta anies,"['jakarta', 'anies']",netral
aipkabayan,Dripada si kaesang mending ahok ajağŸ˜‚... Tapi ya ğŸ˜‚,dripada si kaesang mending ahok aja ya,dripada si kaesang mending ahok aja ya,"['dripada', 'si', 'kaesang', 'mending', 'ahok', 'aja', 'ya']",netral
maulanayandi_,Anies menyala . . .. ğŸ”¥ğŸ”¥,anies menyala,anies nyala,"['anies', 'nyala']",netral
nezaplus,ANIES IS THE BEST ANIES IS NUMBER ONE,anies is the best anies is number one,anies is the best anies is number one,"['anies', 'is', 'the', 'best', 'anies', 'is', 'number', 'one']",positif
kurniawanikbal_,"Gubernur pak Anies, wakilnya pak Ahok. Biar akur ğŸ™‚",gubernur anies wakilnya ahok biar akur,gubernur anies wakil ahok biar akur,"['gubernur', 'anies', 'wakil', 'ahok', 'biar', 'akur']",netral
hetihimawati,Anies Baswedan dilawanğŸ˜‚ğŸ˜‚ğŸ˜‚,anies baswedan dilawan,anies baswedan lawan,"['anies', 'baswedan', 'lawan']",netral
nedikrahayu,Anies - Andika untuk Jakarta ğŸ‘ğŸ¼ğŸ‘ğŸ¼,anies andika jakarta,anies andika jakarta,"['anies', 'andika', 'jakarta']",netral
celina_arabela_zahrani,Tetep pilih abah anies ğŸ˜ğŸ˜,tetep pilih abah anies,tetep pilih abah anies,"['tetep', 'pilih', 'abah', 'anies']",netral
galungpringgaa,Buat anyaman pakek bambu aja abisnya meliaran ğŸ¤£ğŸ¤£ğŸ¤£ğŸ¤£ sungguh prestasi yg membanggakan buat abah tercinta,anyaman pakek bambu aja abisnya meliaran sungguh prestasi yg membanggakan abah tercinta,anyam pakek bambu aja abis liar sungguh prestasi yg bangga abah cinta,"['anyam', 'pakek', 'bambu', 'aja', 'abis', 'liar', 'sungguh', 'prestasi', 'yg', 'bangga', 'abah', 'cinta']",netral
rakha_ruslan,AniesğŸ”¥ğŸ”¥ğŸ”¥,anies,anies,['anies'],netral
eko.wawan.311,Kompas sering bnyk benernya,kompas bnyk benernya,kompas bnyk benernya,"['kompas', 'bnyk', 'benernya']",netral
brans2497,Anies Rasyid Baswedan,anies rasyid baswedan,anies rasyid baswedan,"['anies', 'rasyid', 'baswedan']",netral
akwamaltanjung,Abah Anies tetep menyala ğŸ”¥ğŸ”¥ğŸ”¥ğŸ”¥ğŸ”¥ğŸ”¥ğŸ”¥ğŸ”¥,abah anies tetep menyala,abah anies tetep nyala,"['abah', 'anies', 'tetep', 'nyala']",netral
yuli_toska,Pak Aniesâ¤ï¸â¤ï¸,anies,anies,['anies'],netral
prbwsmnt,Go abah anies,go abah anies,go abah anies,"['go', 'abah', 'anies']",netral
ela71mom,Huhuy keluarlah akun baru netes karna ada nama.pak Anies ğŸ˜‚ğŸ˜‚ğŸ˜‚,huhuy keluarlah akun netes karna namapak anies,huhuy keluar akun netes karna namapak anies,"['huhuy', 'keluar', 'akun', 'netes', 'karna', 'namapak', 'anies']",netral
victor_arli,Mana Pak Komjenpol Dharma Porengkum???,komjenpol dharma porengkum,komjenpol dharma porengkum,"['komjenpol', 'dharma', 'porengkum']",netral
likusuma,Modal ngomong kasar bisa posisi nomor dua ğŸ˜‚,modal ngomong kasar posisi nomor,modal ngomong kasar posisi nomor,"['modal', 'ngomong', 'kasar', 'posisi', 'nomor']",netral
kingbania_bayu.sentosa,Hanya Jokowi dan keturunan nya yang mampu memajukan Indo...,jokowi keturunan nya memajukan indo,jokowi turun nya maju indo,"['jokowi', 'turun', 'nya', 'maju', 'indo']",netral
boim_blues,Ingat ini daerah jakarta ya buka seluruh Indonesia ğŸ˜‚ğŸ˜‚ğŸ˜‚,daerah jakarta ya buka indonesia,daerah jakarta ya buka indonesia,"['daerah', 'jakarta', 'ya', 'buka', 'indonesia']",netral
zhouyenn,"Yang 1% tapi nanti pas maju jadi 51%, siapakah Dia? ğŸ™ˆ",pas maju,pas maju,"['pas', 'maju']",netral
frhn.ibd,AMAN-kan Jakarta ğŸ”¥,amankan jakarta,aman jakarta,"['aman', 'jakarta']",netral
andy_taylor_joy,"Hati2 hoax... KAESANG terbukti di cintai semua warga jakarta, di PRJ kelamren smua pengunjung antusias menyambut kaesang",hati hoax kaesang terbukti cintai warga jakarta prj kelamren smua pengunjung antusias menyambut kaesang,hati hoax kaesang bukti cinta warga jakarta prj kelamren smua unjung antusias sambut kaesang,"['hati', 'hoax', 'kaesang', 'bukti', 'cinta', 'warga', 'jakarta', 'prj', 'kelamren', 'smua', 'unjung', 'antusias', 'sambut', 'kaesang']",netral
ghozali.lalu,"Bentar lagi Qodari bekerja,langsung Kaesang 60%...ğŸ¤£ğŸ¤£ğŸ¤£ğŸ¤£",bentar qodari bekerjalangsung kaesang,bentar qodari bekerjalangsung kaesang,"['bentar', 'qodari', 'bekerjalangsung', 'kaesang']",netral
sempakbolongukuran.23.27.28.32,Cuma 1 persen. Ngototnya bukan maen,persen ngototnya maen,persen ngototnya maen,"['persen', 'ngototnya', 'maen']",netral
fikrisekumpul,Gue yakin anies sihğŸ”¥,gue anies sih,gue anies sih,"['gue', 'anies', 'sih']",netral
dara.3243,"KNP anis yg paling atas bkn kaesang ,ini  Qodari Kang survei lupa naruh Kali yağŸ¤£ğŸ¤£ğŸ¤£ğŸ¤£",knp anis yg bkn kaesang qodari kang survei lupa naruh kali ya,knp anis yg bkn kaesang qodari kang survei lupa naruh kali ya,"['knp', 'anis', 'yg', 'bkn', 'kaesang', 'qodari', 'kang', 'survei', 'lupa', 'naruh', 'kali', 'ya']",netral
gracestedita,ahok sih,ahok sih,ahok sih,"['ahok', 'sih']",netral
hadi_m_syahid,Anis vs Ahok jilid 2 keren nihğŸ”¥,anis vs ahok jilid keren nih,anis vs ahok jilid keren nih,"['anis', 'vs', 'ahok', 'jilid', 'keren', 'nih']",netral
adearqam,Tumben g pesenan statistiknya wkwk,tumben g pesenan statistiknya wkwk,tumben g sen statistik wkwk,"['tumben', 'g', 'sen', 'statistik', 'wkwk']",netral
a.sultanfatansyah,Istri jokowi siapa tau tertarik jadi Gubernur...,istri jokowi tau tertarik gubernur,istri jokowi tau tarik gubernur,"['istri', 'jokowi', 'tau', 'tarik', 'gubernur']",netral
elaineellaedreena,Mending Ahok drpd Anies. Tp herannya knp si Anies tinggi begitu??,mending ahok drpd anies tp herannya knp si anies,mending ahok drpd anies tp heran knp si anies,"['mending', 'ahok', 'drpd', 'anies', 'tp', 'heran', 'knp', 'si', 'anies']",netral
kenaricatering,Anis.ahok sdah umur cepat pikun..ganti yg muda biar jkt lebih maju dari IKN...KAESANG,anisahok sdah umur cepat pikunganti yg muda biar jkt maju iknkaesang,anisahok sdah umur cepat pikunganti yg muda biar jkt maju iknkaesang,"['anisahok', 'sdah', 'umur', 'cepat', 'pikunganti', 'yg', 'muda', 'biar', 'jkt', 'maju', 'iknkaesang']",netral
minwirawan,Wah kalau bapak politik identitas menang lagi tuyul ancol muncul lagi dongğŸ˜‚,politik identitas menang tuyul ancol muncul,politik identitas menang tuyul ancol muncul,"['politik', 'identitas', 'menang', 'tuyul', 'ancol', 'muncul']",netral
anjalola1112,Saya pengikut Jokowi bahkan sampai skrg. Tp please deh jgn Kaesang. Tu org gak punya pengalaman jadi petugas pemerintah.. Bapak dan anak blm tentu sama,pengikut jokowi skrg tp please deh jgn kaesang tu org gak pengalaman petugas pemerintah anak blm,ikut jokowi skrg tp please deh jgn kaesang tu org gak alam tugas perintah anak blm,"['ikut', 'jokowi', 'skrg', 'tp', 'please', 'deh', 'jgn', 'kaesang', 'tu', 'org', 'gak', 'alam', 'tugas', 'perintah', 'anak', 'blm']",netral
sutomo3808,"Anis aja biar pendukungnya terhibur ga tantrum lg ğŸ˜‚ ,, lagian kan jakarta bukan daerah istimewa lg",anis aja biar pendukungnya terhibur ga tantrum lg jakarta daerah istimewa lg,anis aja biar dukung hibur ga tantrum lg jakarta daerah istimewa lg,"['anis', 'aja', 'biar', 'dukung', 'hibur', 'ga', 'tantrum', 'lg', 'jakarta', 'daerah', 'istimewa', 'lg']",netral
pecundangbulutangkis12,"Kan klo Gubernur yang menang yang melantik Presiden, kan Presiden terpilih Prabowo yg di hina2 11/100 itu tebel muka apa gimana",klo gubernur menang melantik presiden presiden terpilih prabowo yg hina tebel muka gimana,klo gubernur menang lantik presiden presiden pilih prabowo yg hina tebel muka gimana,"['klo', 'gubernur', 'menang', 'lantik', 'presiden', 'presiden', 'pilih', 'prabowo', 'yg', 'hina', 'tebel', 'muka', 'gimana']",netral
hermanto_jkt,Tinggi Elaktibilitas tapi Rendah KinerjanyağŸ˜‚,elaktibilitas rendah kinerjanya,elaktibilitas rendah kerja,"['elaktibilitas', 'rendah', 'kerja']",netral
riobelino,Gubernur JakartağŸ”¥ğŸ”¥ğŸ”¥ğŸ”¥ğŸ”¥,gubernur jakarta,gubernur jakarta,"['gubernur', 'jakarta']",netral
dot_dush,Capres lain klah pilpres tdk maju pilgub krna harga diri...ini ada capres kok mlah turun kasta nyagubğŸ˜‚ğŸ˜‚ğŸ˜‚ğŸ˜‚ğŸ˜‚,capres klah pilpres tdk maju pilgub krna harga diriini capres mlah turun kasta nyagub,capres klah pilpres tdk maju pilgub krna harga diriini capres mlah turun kasta nyagub,"['capres', 'klah', 'pilpres', 'tdk', 'maju', 'pilgub', 'krna', 'harga', 'diriini', 'capres', 'mlah', 'turun', 'kasta', 'nyagub']",netral
fachryfansuri,Udah Paling bener buat Jekardah itu yaa Ahok  ğŸ”¥ğŸ”¥,udah bener jekardah yaa ahok,udah bener jekardah yaa ahok,"['udah', 'bener', 'jekardah', 'yaa', 'ahok']",netral
wahyupeewee,"Sampe yg 1% menang sih, ah udah tau lah sudah ğŸ˜„",sampe yg menang sih ah udah tau,sampe yg menang sih ah udah tau,"['sampe', 'yg', 'menang', 'sih', 'ah', 'udah', 'tau']",netral
dermawan.iwan,Lawan yg paling potensial ya Ahook,lawan yg potensial ya ahook,lawan yg potensial ya ahook,"['lawan', 'yg', 'potensial', 'ya', 'ahook']",netral
820.ruddi,"Kalo di ulang Pilgub Ahok vs Anies...bisa menang Ahok, asal jgn bawaÂ² agama..apalagi ayat dan mayat",kalo ulang pilgub ahok vs aniesbisa menang ahok jgn bawa agamaapalagi ayat mayat,kalo ulang pilgub ahok vs aniesbisa menang ahok jgn bawa agamaapalagi ayat mayat,"['kalo', 'ulang', 'pilgub', 'ahok', 'vs', 'aniesbisa', 'menang', 'ahok', 'jgn', 'bawa', 'agamaapalagi', 'ayat', 'mayat']",netral
aminnur10,Tumben kaesang 1%ğŸ˜‚,tumben kaesang,tumben kaesang,"['tumben', 'kaesang']",netral
kaka.aya.reborn28,Kaesang - Aldi Taher boleh d coba,kaesang aldi taher d coba,kaesang aldi taher d coba,"['kaesang', 'aldi', 'taher', 'd', 'coba']",netral
ristiawant14,Kaesang terlalu kepedeanğŸ˜‚ğŸ˜‚ğŸ˜‚ğŸ˜‚,kaesang kepedean,kaesang kepedean,"['kaesang', 'kepedean']",netral
andretrendy89,Itu Bocah Persentend nya kecil ya,bocah persentend nya ya,bocah persentend nya ya,"['bocah', 'persentend', 'nya', 'ya']",netral
andy_supriyadiii,Dua kandidat diatas emang keren.. kalo bisa akur pimpin Jakarta.. IKN LEWAAT DAAH..ğŸ˜‚ğŸ˜‚ğŸ˜‚,kandidat diatas emang keren kalo akur pimpin jakarta ikn lewaat daah,kandidat atas emang keren kalo akur pimpin jakarta ikn lewaat daah,"['kandidat', 'atas', 'emang', 'keren', 'kalo', 'akur', 'pimpin', 'jakarta', 'ikn', 'lewaat', 'daah']",netral
mamakeyvan,Ngapain urusin survey jakarta min...?? Kan bukan ibukota lg.. Warganya jg paling tutup mata milih anies... Warganya full rasional... ğŸ˜‚ğŸ˜‚ğŸ˜‚,ngapain urusin survey jakarta min ibukota lg warganya jg tutup mata milih anies warganya full rasional,ngapain urusin survey jakarta min ibukota lg warga jg tutup mata milih anies warga full rasional,"['ngapain', 'urusin', 'survey', 'jakarta', 'min', 'ibukota', 'lg', 'warga', 'jg', 'tutup', 'mata', 'milih', 'anies', 'warga', 'full', 'rasional']",positif
heri_diedan,urutan no 6 masih aje ada yg milih ngarep BLT lg ya masih kurang makanğŸ˜‚,urutan no aje yg milih ngarep blt lg ya makan,urut no aje yg milih ngarep blt lg ya makan,"['urut', 'no', 'aje', 'yg', 'milih', 'ngarep', 'blt', 'lg', 'ya', 'makan']",netral
annie_anieeeee,Yg 1 % dapet dri mana ya belum pernah kerja ğŸ˜®ğŸ˜®ğŸ˜®ğŸ˜®,yg dapet dri ya kerja,yg dapet dri ya kerja,"['yg', 'dapet', 'dri', 'ya', 'kerja']",netral
eelvyna,ITU YG 1 PERSEN MILIH SI PISANG MASIH WARAS KAH? ğŸ˜‚ğŸ˜‚ğŸ˜‚,yg persen milih si pisang waras kah,yg persen milih si pisang waras kah,"['yg', 'persen', 'milih', 'si', 'pisang', 'waras', 'kah']",netral
oki.gunawan,"Si paling gorong-gorong be like, ""Hold my bansos!""",si goronggorong be like hold my bansos,si goronggorong be like hold my bansos,"['si', 'goronggorong', 'be', 'like', 'hold', 'my', 'bansos']",netral
m_rizky_pratama_almahbub,Kaesang ngapain bjir,kaesang ngapain bjir,kaesang ngapain bjir,"['kaesang', 'ngapain', 'bjir']",netral
priyadi.ir.mm,"Kaesang, ketua partai, anak presiden. Hanya 1% ?? Jangan jangan lawan sandal jepit saja kakah ya",kaesang ketua partai anak presiden lawan sandal jepit kakah ya,kaesang ketua partai anak presiden lawan sandal jepit kakah ya,"['kaesang', 'ketua', 'partai', 'anak', 'presiden', 'lawan', 'sandal', 'jepit', 'kakah', 'ya']",netral
kennyjo2_,Buzzer 1% pada muncul ğŸ˜‚,buzzer muncul,buzzer muncul,"['buzzer', 'muncul']",netral
edisaputrapdip333,El classico Anis vs Ahok,el classico anis vs ahok,el classico anis vs ahok,"['el', 'classico', 'anis', 'vs', 'ahok']",netral
yohanes_nikijuluw,Ahok & Anis coba sekali kaliğŸ˜ğŸ˜,ahok anis coba kali,ahok anis coba kali,"['ahok', 'anis', 'coba', 'kali']",netral
jonaykh,"kalo versi survey si QODARI, pasti anak Mukidi yg pertamağŸ˜‚",kalo versi survey si qodari anak mukidi yg,kalo versi survey si qodari anak mukidi yg,"['kalo', 'versi', 'survey', 'si', 'qodari', 'anak', 'mukidi', 'yg']",netral
yusuf.budiono,Kaesang kalo dah bagi2 bansos langsung meroketğŸ˜‚ğŸ˜‚,kaesang kalo dah bansos langsung meroket,kaesang kalo dah bansos langsung roket,"['kaesang', 'kalo', 'dah', 'bansos', 'langsung', 'roket']",netral
joenopoenya,Ahok sajalah.. dari pada turunan JKW yg plonga plongo,ahok turunan jkw yg plonga plongo,ahok turun jkw yg plonga plongo,"['ahok', 'turun', 'jkw', 'yg', 'plonga', 'plongo']",netral
ferryfhonska,Njir yg paling bawahğŸ˜‚,njir yg,njir yg,"['njir', 'yg']",netral
nico_prasetyo_,Salah total itu surveynya...harusnya kaesang 58%,salah total surveynyaharusnya kaesang,salah total surveynyaharusnya kaesang,"['salah', 'total', 'surveynyaharusnya', 'kaesang']",netral
bintang.1190,Yg milih pisang masi aja ada 1% siapa ğŸ˜‚,yg milih pisang masi aja,yg milih pisang mas aja,"['yg', 'milih', 'pisang', 'mas', 'aja']",netral
tyastyas91,Biasane kalo berita ginian RT 58 baru pada kelihatan,biasane kalo berita ginian rt,biasane kalo berita ginian rt,"['biasane', 'kalo', 'berita', 'ginian', 'rt']",netral
agussryn24,Ini salah nih harusnya Kaesang 110%ğŸ˜‚,salah nih kaesang,salah nih kaesang,"['salah', 'nih', 'kaesang']",netral
janisbetmen99,Kokoh!ğŸ”¥ğŸ”¥ğŸ”¥,kokoh,kokoh,['kokoh'],netral
alfredosrg_,Pak BTPğŸ™Œ,btp,btp,['btp'],netral
rifkyriyadioffcial98,GASS RIDWAN -AHOK 2024 MENANG SATU PUTARAN ğŸ”¥ğŸ”¥,gass ridwan ahok menang putaran,gass ridwan ahok menang putar,"['gass', 'ridwan', 'ahok', 'menang', 'putar']",netral
boygesbadboy,Ahok dong,ahok,ahok,['ahok'],netral
roffly24,lebih mundur lagi demokrasi Indonesia krn buat apa Parpol ada kader dan Anggota lalu malah parpol calonkan bukan kader dan anggotanya artinya buat kader dan anggota sbnrnya diapakan ama parpolnya sendiri? bahwa ternyata kegagalan parpol sendiri tidak bisa menghasilkan Pemimpin. klo begitu nda usah ada paprol ajah kan,mundur demokrasi indonesia krn parpol kader anggota parpol calonkan kader anggotanya kader anggota sbnrnya diapakan ama parpolnya kegagalan parpol menghasilkan pemimpin klo nda paprol ajah,mundur demokrasi indonesia krn parpol kader anggota parpol calon kader anggota kader anggota sbnrnya apa ama parpolnya gagal parpol hasil pimpin klo nda paprol ajah,"['mundur', 'demokrasi', 'indonesia', 'krn', 'parpol', 'kader', 'anggota', 'parpol', 'calon', 'kader', 'anggota', 'kader', 'anggota', 'sbnrnya', 'apa', 'ama', 'parpolnya', 'gagal', 'parpol', 'hasil', 'pimpin', 'klo', 'nda', 'paprol', 'ajah']",netral
bang__agil,Kaesang cocoknya jadi Gubernur VOC ğŸ™Œ,kaesang cocoknya gubernur voc,kaesang cocok gubernur voc,"['kaesang', 'cocok', 'gubernur', 'voc']",netral
jacobarthur15,"Berandai2 saja inimah, Pak Anies & Pak Ahok, walaupun mustahil tapi bakal keren banget kalo mereka berduetğŸ”¥ğŸ”¥",berandai inimah anies ahok mustahil keren banget kalo berduet,beranda inimah anies ahok mustahil keren banget kalo duet,"['beranda', 'inimah', 'anies', 'ahok', 'mustahil', 'keren', 'banget', 'kalo', 'duet']",netral
tiara_jk,Kok beda sama surveynya Qodari??....,beda surveynya qodari,beda surveynya qodari,"['beda', 'surveynya', 'qodari']",netral
nezaplus,ANAK INGUSAN YANG DISULAP  HANYA 1 PERSEN,anak ingusan disulap persen,anak ingus sulap persen,"['anak', 'ingus', 'sulap', 'persen']",netral
putitinyourheart,Gak aneh klo pak anies tertinggi wong grass roots nya dibawah udah pada bergerak apalagi semenjak kebijakan herbud nyusahin,gak aneh klo anies tertinggi grass roots nya dibawah udah bergerak semenjak kebijakan herbud nyusahin,gak aneh klo anies tinggi grass roots nya bawah udah gerak semenjak bijak herbud nyusahin,"['gak', 'aneh', 'klo', 'anies', 'tinggi', 'grass', 'roots', 'nya', 'bawah', 'udah', 'gerak', 'semenjak', 'bijak', 'herbud', 'nyusahin']",netral
govizar_hermazi,Dharma Pongrekun DKI 1 ğŸ”¥ğŸŒŸ,dharma pongrekun dki,dharma pongrekun dki,"['dharma', 'pongrekun', 'dki']",netral
ikhwalputra2,"Lho.. Ini benar surveinya?!?, koq si anak ada di bawah?",lho surveinya koq si anak,lho survei koq si anak,"['lho', 'survei', 'koq', 'si', 'anak']",netral
atens13,"Yang bisa dekat dengan semua kalangan, atas bawah ulama tokoh sepertinya yang pas siapa yaa",kalangan ulama tokoh pas yaa,kalang ulama tokoh pas yaa,"['kalang', 'ulama', 'tokoh', 'pas', 'yaa']",netral
rianngh,Yg 1% yang menang ğŸ˜‚ğŸ˜‚ğŸ˜‚,yg menang,yg menang,"['yg', 'menang']",netral
julian_prahasta,Kabahh siap menggoncang dki ğŸ˜‚ğŸ˜‚ğŸ˜‚,kabahh menggoncang dki,kabahh menggoncang dki,"['kabahh', 'menggoncang', 'dki']",netral
andhika.ap,Pangarep ğŸ˜‚,pangarep,pangarep,['pangarep'],netral
pa3s2.5,Paling tar lagi Kaesang nyalip ğŸ˜‚,tar kaesang nyalip,tar kaesang nyalip,"['tar', 'kaesang', 'nyalip']",netral
muh.sofwan_hadi,Anak RAJA KONOHA 1%ğŸ˜‚ğŸ˜‚ğŸ˜‚,anak raja konoha,anak raja konoha,"['anak', 'raja', 'konoha']",netral
pantaiselatanloft2,Ada yg milih kaesang?ğŸ˜‚ğŸ˜‚ğŸ˜‚,yg milih kaesang,yg milih kaesang,"['yg', 'milih', 'kaesang']",netral
jowo.guyon_,Kalo ada kaesang pasti diurutan pertama ni,kalo kaesang diurutan ni,kalo kaesang urut ni,"['kalo', 'kaesang', 'urut', 'ni']",netral
yongki4595,Haji Bolot & bang Malih,haji bolot bang malih,haji bolot bang malih,"['haji', 'bolot', 'bang', 'malih']",netral
andry.julius,widihh,widihh,widihh,['widihh'],netral
istikasariae_h3ru,Pokok pilih aja yg bisa nurunin pajakğŸ˜‚. Wkwkwk,pokok pilih aja yg nurunin pajak wkwkwk,pokok pilih aja yg nurunin pajak wkwkwk,"['pokok', 'pilih', 'aja', 'yg', 'nurunin', 'pajak', 'wkwkwk']",netral
riefky.alfarifki,ğ™¼ğšŠğš—ğšğšŠğšğšğš ğŸ˜,,,[],netral
guchateu,Cukup tau ajağŸ˜‚,tau aja,tau aja,"['tau', 'aja']",netral
asnawi_hutabarat,Kaesang cuma 1% ğŸ˜­ğŸ˜­,kaesang,kaesang,['kaesang'],netral
achmaderza,Ka seang sih 58%,ka seang sih,ka seang sih,"['ka', 'seang', 'sih']",netral
ruhiyatprayoga,See...,see,see,['see'],netral
riohtapea,Bebas siapa aja. Asal jgn si tukang pisang bangkrut,bebas aja jgn si tukang pisang bangkrut,bebas aja jgn si tukang pisang bangkrut,"['bebas', 'aja', 'jgn', 'si', 'tukang', 'pisang', 'bangkrut']",netral
rhyo88,Anjir 1 persen,anjir persen,anjir persen,"['anjir', 'persen']",netral
haji.toriqqqq,giliran anis diatas pada percaya ğŸ˜‚ğŸ˜‚ğŸ˜‚,giliran anis diatas percaya,gilir anis atas percaya,"['gilir', 'anis', 'atas', 'percaya']",netral
jeffpapilaya,Seru nih....,seru nih,seru nih,"['seru', 'nih']",netral
toufikbaelah,Siapa ajalah asal jgn kaesang,ajalah jgn kaesang,aja jgn kaesang,"['aja', 'jgn', 'kaesang']",netral
cae.che,kaesang idolaque,kaesang idolaque,kaesang idolaque,"['kaesang', 'idolaque']",netral
jeklin_76,"jika benar Ahok vs Anies nyalon lagi,apakah akan ada lg masa 212 jilid 2,atau 234 macem dji sam soeğŸ˜‚ğŸ˜‚",ahok vs anies nyalon lagiapakah lg jilid macem dji sam soe,ahok vs anies nyalon lagiapakah lg jilid macem dji sam soe,"['ahok', 'vs', 'anies', 'nyalon', 'lagiapakah', 'lg', 'jilid', 'macem', 'dji', 'sam', 'soe']",netral
yayo.ism,"Coba survey qodari, kaesang No.1 diikuti anak zulhas..",coba survey qodari kaesang no diikuti anak zulhas,coba survey qodari kaesang no ikut anak zulhas,"['coba', 'survey', 'qodari', 'kaesang', 'no', 'ikut', 'anak', 'zulhas']",netral
ela71mom,Msh aja akun blm mup on bahas Ahok kalahğŸ˜‚ğŸ˜‚ğŸ˜‚ğŸ˜‚ğŸ˜‚,msh aja akun blm mup on bahas ahok kalah,msh aja akun blm mup on bahas ahok kalah,"['msh', 'aja', 'akun', 'blm', 'mup', 'on', 'bahas', 'ahok', 'kalah']",netral
lindatokugawa_,Bismillah Abah menang lagi,bismillah abah menang,bismillah abah menang,"['bismillah', 'abah', 'menang']",netral
auliaarezki,Srimul jd cagub? Waaah sprtinya... ğŸ˜‚,srimul jd cagub waaah sprtinya,srimul jd cagub waaah sprtinya,"['srimul', 'jd', 'cagub', 'waaah', 'sprtinya']",netral
radensingawijaya,"Kolaborasi koalisi PDIP,PKB,PKS ,PPPAnies-AhokAA OKE",kolaborasi koalisi pdippkbpks pppaniesahokaa oke,kolaborasi koalisi pdippkbpks pppaniesahokaa oke,"['kolaborasi', 'koalisi', 'pdippkbpks', 'pppaniesahokaa', 'oke']",netral
denny_e_putra,Biarin Ahok lg aja yg mimpin dah,biarin ahok lg aja yg mimpin dah,biarin ahok lg aja yg mimpin dah,"['biarin', 'ahok', 'lg', 'aja', 'yg', 'mimpin', 'dah']",netral
m.rahman1217,Maunya KAESANG,maunya kaesang,mau kaesang,"['mau', 'kaesang']",netral
ruri_personal,DHARMA PONGREKUN ğŸ™ŒğŸ™ŒğŸ™Œ,dharma pongrekun,dharma pongrekun,"['dharma', 'pongrekun']",netral
poik1985,Bukan  mendapat 7% ...tp kenapa ketumnya cuma dapat 1% .....kayanya ada yang salah niih ? ğŸ˜‚,tp ketumnya kayanya salah niih,tp tum kaya salah niih,"['tp', 'tum', 'kaya', 'salah', 'niih']",netral
effanzulfiqar,Lho bukan Kaesang yg katanya sangking tingginya elektabiitas sampai bingung milih ikut Pilkada di Jakarta apa Jateng,lho kaesang yg sangking tingginya elektabiitas bingung milih pilkada jakarta jateng,lho kaesang yg sangking tinggi elektabiitas bingung milih pilkada jakarta jateng,"['lho', 'kaesang', 'yg', 'sangking', 'tinggi', 'elektabiitas', 'bingung', 'milih', 'pilkada', 'jakarta', 'jateng']",netral
arsyah_007,Kalo gw mendingan RK aja krn dia jelas ahli tata kota handal dan gak sering bikin gaduh.,kalo gw mendingan rk aja krn ahli tata kota handal gak bikin gaduh,kalo gw mending rk aja krn ahli tata kota handal gak bikin gaduh,"['kalo', 'gw', 'mending', 'rk', 'aja', 'krn', 'ahli', 'tata', 'kota', 'handal', 'gak', 'bikin', 'gaduh']",netral
jovie_rjp,Numpang tanya yg milih heru siapa ya?? ğŸ˜¢,numpang yg milih heru ya,numpang yg milih heru ya,"['numpang', 'yg', 'milih', 'heru', 'ya']",netral
wiga_dp,Heru ada yg milih? Ga mungkin. Pasti paksaan,heru yg milih ga paksaan,heru yg milih ga paksa,"['heru', 'yg', 'milih', 'ga', 'paksa']",netral
krriiss28,Dalam darah anies baswedan mengalir darah p.demokrasi indonesia perjuangan sejatiğŸ‚ğŸ”¥ğŸ¤­,darah anies baswedan mengalir darah pdemokrasi indonesia perjuangan sejati,darah anies baswedan alir darah pdemokrasi indonesia juang sejati,"['darah', 'anies', 'baswedan', 'alir', 'darah', 'pdemokrasi', 'indonesia', 'juang', 'sejati']",netral
naff_eko,Dan anies b tidak membayar survey manapun,anies b membayar survey manapun,anies b bayar survey mana,"['anies', 'b', 'bayar', 'survey', 'mana']",netral
dadan.darmawann16,AhooookkkÄ·k,ahooookkkk,ahooookkkk,['ahooookkkk'],netral
surya_yogaswara,AB&BTPğŸ”¥ğŸ”¥ğŸ”¥,abbtp,abbtp,['abbtp'],netral
medv.edev385,Ga yakin..,ga,ga,['ga'],netral
helloadam99,ORANG KAMPUNG PILIH ANIES,orang kampung pilih anies,orang kampung pilih anies,"['orang', 'kampung', 'pilih', 'anies']",netral
betalagi1002,"Sekelas mantan Panglima, mensos cuma 1%, sama dgn Kaesang ğŸ˜‚ğŸ˜‚ğŸ˜‚ğŸ˜‚",sekelas mantan panglima mensos dgn kaesang,kelas mantan panglima mensos dgn kaesang,"['kelas', 'mantan', 'panglima', 'mensos', 'dgn', 'kaesang']",netral
yefri.as_p,Karung Goni mana ğŸ˜‚,karung goni,karung goni,"['karung', 'goni']",netral
riswadi_salam,Sya pilih heru budi untuk kemajuan jakartağŸ˜‚,sya pilih heru budi kemajuan jakarta,sya pilih heru budi maju jakarta,"['sya', 'pilih', 'heru', 'budi', 'maju', 'jakarta']",netral
dee_sasta,Pak ErickğŸ”¥ğŸ”¥ğŸ”¥ğŸ‘ğŸ‘,erick,erick,['erick'],netral
mandaladewa1989,Waduh jangan ahok lagi bosen lihat demo berjilid jilid lagiğŸ˜¢,ahok bosen lihat demo berjilid jilid,ahok bosen lihat demo jilid jilid,"['ahok', 'bosen', 'lihat', 'demo', 'jilid', 'jilid']",netral
mangworkout26,Anies vs Ahok atau Duet Ahok - Anies ? hahaja,anies vs ahok duet ahok anies hahaja,anies vs ahok duet ahok anies hahaja,"['anies', 'vs', 'ahok', 'duet', 'ahok', 'anies', 'hahaja']",netral
eric.ef10,Anies - Ahok ğŸ”¥,anies ahok,anies ahok,"['anies', 'ahok']",netral
mariuslastyono,Peroode survey 15 sd 20 juli 2024?,peroode survey sd juli,peroode survey sd juli,"['peroode', 'survey', 'sd', 'juli']",netral
alx_asg,ğŸ˜‚ğŸ˜‚ğŸ˜‚ğŸ˜‚ wan Abud bisa rangking satu? ğŸ˜‚ Lawak nih.,wan abud rangking lawak nih,wan abud rangking lawak nih,"['wan', 'abud', 'rangking', 'lawak', 'nih']",negatif
agg_widyani,gue pilih ahok dan heru,gue pilih ahok heru,gue pilih ahok heru,"['gue', 'pilih', 'ahok', 'heru']",netral
__maolana,Cek jejak rekam bos jgn katanya,cek jejak rekam bos jgn,cek jejak rekam bos jgn,"['cek', 'jejak', 'rekam', 'bos', 'jgn']",netral
dealovarsy,"Menurutku, Pak ahok better maju as gubernur sumut, gagalin tuh dinasti yg mau dibangun disana",menurutku ahok better maju as gubernur sumut gagalin tuh dinasti yg dibangun disana,turut ahok better maju as gubernur sumut gagalin tuh dinasti yg bangun sana,"['turut', 'ahok', 'better', 'maju', 'as', 'gubernur', 'sumut', 'gagalin', 'tuh', 'dinasti', 'yg', 'bangun', 'sana']",positif
ardhitya_sw,RK + AHOK Gacor sih... ğŸ˜‚,rk ahok gacor sih,rk ahok gacor sih,"['rk', 'ahok', 'gacor', 'sih']",netral
fitriyahfebsalsa09,Smpe kaesang yg menang. Bner bner dah,smpe kaesang yg menang bner bner dah,smpe kaesang yg menang bner bner dah,"['smpe', 'kaesang', 'yg', 'menang', 'bner', 'bner', 'dah']",netral
utchup_levy,"Ti mentri aktip lumpat ka pilkada, konsepna kumaha eta nya ğŸ˜‚ğŸ˜‚ğŸ˜‚",ti mentri aktip lumpat ka pilkada konsepna kumaha eta nya,ti tri aktip lumpat ka pilkada konsepna maha eta nya,"['ti', 'tri', 'aktip', 'lumpat', 'ka', 'pilkada', 'konsepna', 'maha', 'eta', 'nya']",netral
mahfudst,Perasaan ada yg prnah bilang klo Kaesang surveinya tinggi di Ibu Kota.,perasaan yg prnah bilang klo kaesang surveinya kota,asa yg prnah bilang klo kaesang survei kota,"['asa', 'yg', 'prnah', 'bilang', 'klo', 'kaesang', 'survei', 'kota']",netral
ig.2017,pantes aja carut marut,pantes aja carut marut,pantes aja carut marut,"['pantes', 'aja', 'carut', 'marut']",netral
ardhitya_sw,"Itu abang Kaesang Nyalonin aja Ntar hasilnya jadi dpt 58,2% Suara... Percaya dahğŸ˜‚",abang kaesang nyalonin aja ntar hasilnya dpt suara percaya dah,abang kaesang nyalonin aja ntar hasil dpt suara percaya dah,"['abang', 'kaesang', 'nyalonin', 'aja', 'ntar', 'hasil', 'dpt', 'suara', 'percaya', 'dah']",netral
rafraj_00,Kalau sekarang kira2 anak abah percaya surveikah? Soalnya pas pilpres kemarinkan pada ga percaya survei. ğŸ˜‚ğŸ˜‚ğŸ˜‚,anak abah percaya surveikah pas pilpres kemarinkan ga percaya survei,anak abah percaya survei pas pilpres kemarin ga percaya survei,"['anak', 'abah', 'percaya', 'survei', 'pas', 'pilpres', 'kemarin', 'ga', 'percaya', 'survei']",netral
notforfun24,Ahok terbaik . Anies gak bisa kerja . Cuman omon omon omon ğŸ˜‚ğŸ˜‚ğŸ˜‚.,ahok terbaik anies gak kerja cuman omon omon omon,ahok baik anies gak kerja cuman omon omon omon,"['ahok', 'baik', 'anies', 'gak', 'kerja', 'cuman', 'omon', 'omon', 'omon']",netral
rahmanineti,Nah ini survey beneran,survey beneran,survey beneran,"['survey', 'beneran']",netral
zulhan_zain,Anaknya ketua PAN kok tdk ada dalam daftar ğŸ˜‚,anaknya ketua pan tdk daftar,anak ketua pan tdk daftar,"['anak', 'ketua', 'pan', 'tdk', 'daftar']",netral
chuntan46,Ahok BTP ğŸ”¥â¤ï¸,ahok btp,ahok btp,"['ahok', 'btp']",netral
zoel_azham02,"Menurut mahfud md yg saat itu jd kemenhumkam,ahok sudah tdk bisa lg jd pejabat negara",mahfud md yg jd kemenhumkamahok tdk lg jd pejabat negara,mahfud md yg jd kemenhumkamahok tdk lg jd jabat negara,"['mahfud', 'md', 'yg', 'jd', 'kemenhumkamahok', 'tdk', 'lg', 'jd', 'jabat', 'negara']",netral
vicky_ats,Tak gendong kmana mana tak gendong kmana mana,gendong kmana gendong kmana,gendong kmana gendong kmana,"['gendong', 'kmana', 'gendong', 'kmana']",netral
putuwahyudi75,ğŸ˜‚ğŸ˜‚ğŸ˜‚makin banyak gorong gorongnya,gorong gorongnya,gorong gorongnya,"['gorong', 'gorongnya']",netral
amsal_sumarlin,Ini kumparan ma Buzzer anies dari Pilpers ma emang.  Yakin beliau bs naik,kumparan ma buzzer anies pilpers ma emang beliau bs,kumpar ma buzzer anies pilpers ma emang beliau bs,"['kumpar', 'ma', 'buzzer', 'anies', 'pilpers', 'ma', 'emang', 'beliau', 'bs']",netral
ndankcr7,Sekarang aja bru tgl 16 juli ğŸ—¿,aja bru tgl juli,aja bru tgl juli,"['aja', 'bru', 'tgl', 'juli']",netral
info.pusat.jogja,Meskipun anak ksayangan negara 1% ujungnya juga bakal menang kok bisa diatur mah itu.,anak ksayangan negara ujungnya menang diatur mah,anak ksayangan negara ujung menang atur mah,"['anak', 'ksayangan', 'negara', 'ujung', 'menang', 'atur', 'mah']",netral
alwntfk,Anak presiden gatau malu,anak presiden gatau malu,anak presiden gatau malu,"['anak', 'presiden', 'gatau', 'malu']",netral
valiant.holy,dukung,dukung,dukung,['dukung'],netral
daffa_channel46,Pak anies ğŸ”¥ğŸ”¥ğŸ”¥ğŸ‘ğŸ‘ğŸ‘,anies,anies,['anies'],netral
dikkyhrdn,ternyata cuman se level gub ğŸ‘,cuman level gub,cuman level gub,"['cuman', 'level', 'gub']",netral
yayansaputra26,Abah Anies bismillah ğŸ”¥,abah anies bismillah,abah anies bismillah,"['abah', 'anies', 'bismillah']",netral
zahidakmal_94,ğŸ˜,,,[],netral
edi_su6357,Si ğŸ¸ğŸ¸ğŸ¸ cuma 1%ğŸ˜‚ğŸ˜‚ğŸ˜‚,si,si,['si'],netral
cakrochim,Anies-Ahok jadi satu keren kali yağŸ˜,aniesahok keren kali ya,aniesahok keren kali ya,"['aniesahok', 'keren', 'kali', 'ya']",netral
m_rizky_pratama_almahbub,"Plis lah terserah mau ahok atau anis, maju di jabar ajağŸ˜¢",plis terserah ahok anis maju jabar aja,plis serah ahok anis maju jabar aja,"['plis', 'serah', 'ahok', 'anis', 'maju', 'jabar', 'aja']",netral
wali_sukma_abadi,Udah paling bener -- Rematch aja anies- ahok..ğŸ”¥ğŸ”¥ğŸ”¥,udah bener rematch aja anies ahok,udah bener rematch aja anies ahok,"['udah', 'bener', 'rematch', 'aja', 'anies', 'ahok']",netral
zaputpoen,yukk pak anis maju lg... kalo kalah kan msh bisa nyalon kadesğŸ˜‚,yukk anis maju lg kalo kalah msh nyalon kades,yukk anis maju lg kalo kalah msh nyalon kades,"['yukk', 'anis', 'maju', 'lg', 'kalo', 'kalah', 'msh', 'nyalon', 'kades']",netral
diditcempaka,Hanya 400 responden .....yang layak di adu tanding Anis dan Ahok ....ke dua nya sekarang antitesa Jokowi,responden layak adu tanding anis ahok nya antitesa jokowi,responden layak adu tanding anis ahok nya antitesa jokowi,"['responden', 'layak', 'adu', 'tanding', 'anis', 'ahok', 'nya', 'antitesa', 'jokowi']",netral
azis_muslim.30,Yakin itu anak pak de mau nyalonin sama babah alun? 1%,anak de nyalonin babah alun,anak de nyalonin babah alun,"['anak', 'de', 'nyalonin', 'babah', 'alun']",netral
eventsob,Ahok - Andika : gimana ?,ahok andika gimana,ahok andika gimana,"['ahok', 'andika', 'gimana']",netral
jhosseph_v,AHOK Yezzz,ahok yezzz,ahok yezzz,"['ahok', 'yezzz']",netral
atlas098,Anies yes..fr sunter..,anies yesfr sunter,anies yesfr sunter,"['anies', 'yesfr', 'sunter']",netral
margaretha.52,Anies lah,anies,anies,['anies'],netral
andi_apachun,Kompas tandain ya.masa anak bungsu presiden cuma 1%.,kompas tandain yamasa anak bungsu presiden,kompas tandain yamasa anak bungsu presiden,"['kompas', 'tandain', 'yamasa', 'anak', 'bungsu', 'presiden']",netral
vujidharmawan,Ahok tapi mau coba di medan,ahok coba medan,ahok coba medan,"['ahok', 'coba', 'medan']",netral
derbudi,Selera warga Jakarta,selera warga jakarta,selera warga jakarta,"['selera', 'warga', 'jakarta']",netral
ongenih,Heru gimna heru,heru gimna heru,heru gimna heru,"['heru', 'gimna', 'heru']",netral
munjaina,Abah mantap,abah mantap,abah mantap,"['abah', 'mantap']",netral
fariz_rizki13,Itu yg 1% paling bawah lu ye jon  ğŸ˜‚ğŸ˜‚,yg lu ye jon,yg lu ye jon,"['yg', 'lu', 'ye', 'jon']",netral
cvdesain.id,Ridwan kamil bagus sih. Tapi yang lain aja juga gapapa ğŸ”¥,ridwan kamil bagus sih aja gapapa,ridwan kamil bagus sih aja gapapa,"['ridwan', 'kamil', 'bagus', 'sih', 'aja', 'gapapa']",netral
ra6naroc,Hebat jg Kaesang bisa nyamain org2 hebat,hebat jg kaesang nyamain org hebat,hebat jg kaesang nyamain org hebat,"['hebat', 'jg', 'kaesang', 'nyamain', 'org', 'hebat']",netral
lebanty19,Realistis,realistis,realistis,['realistis'],netral
lord_andra09,Pelan-pelan ko'  ğŸƒğŸš©â­ğŸ¤ŸğŸ»ğŸ”¥,pelanpelan ko,pelanpelan ko,"['pelanpelan', 'ko']",netral
dikirahman01,Hahaha,hahaha,hahaha,['hahaha'],positif
setiajit9,"Rasanya rakyat sdh bosan dg benturan saling menjelekkan di era demokrasi yg bebas bersuara, kayaknya ada pengajian ada kebaktian yg dibahas sdh perkelahian, shg pilpres pileg baru usai ada perpecahan lg di Pilkada, lama2 bs berantakan negara ini, semoga tidak demikian, ini krn cinta sy kepada Bangsa dan Negara RI,",rakyat sdh bosan dg benturan menjelekkan era demokrasi yg bebas bersuara kayaknya pengajian kebaktian yg dibahas sdh perkelahian shg pilpres pileg perpecahan lg pilkada bs berantakan negara semoga krn cinta sy bangsa negara ri,rakyat sdh bosan dg bentur jelek era demokrasi yg bebas suara kayak aji bakti yg bahas sdh kelahi shg pilpres pileg pecah lg pilkada bs beranta negara moga krn cinta sy bangsa negara ri,"['rakyat', 'sdh', 'bosan', 'dg', 'bentur', 'jelek', 'era', 'demokrasi', 'yg', 'bebas', 'suara', 'kayak', 'aji', 'bakti', 'yg', 'bahas', 'sdh', 'kelahi', 'shg', 'pilpres', 'pileg', 'pecah', 'lg', 'pilkada', 'bs', 'beranta', 'negara', 'moga', 'krn', 'cinta', 'sy', 'bangsa', 'negara', 'ri']",netral
d_conan45,Anies Baswedan - Ahok â¤ï¸,anies baswedan ahok,anies baswedan ahok,"['anies', 'baswedan', 'ahok']",netral
petrusta,Anis vs ahok aja tapi ga pake isu agama dan ras. Tanpa paksaan bener bener hati nurani. Bisa ga kira2,anis vs ahok aja ga pake isu agama ras paksaan bener bener hati nurani ga,anis vs ahok aja ga pake isu agama ras paksa bener bener hati nurani ga,"['anis', 'vs', 'ahok', 'aja', 'ga', 'pake', 'isu', 'agama', 'ras', 'paksa', 'bener', 'bener', 'hati', 'nurani', 'ga']",netral
agnwboo,"Plis, Anies - Ahok",plis anies ahok,plis anies ahok,"['plis', 'anies', 'ahok']",netral
cebonglite,Jadi inget pas pilpres kemaren Anies kagak percaya survey Litbang kompas...ğŸ˜‚ğŸ˜‚ğŸ˜‚ğŸ˜‚,inget pas pilpres kemaren anies kagak percaya survey litbang kompas,inget pas pilpres kemaren anies kagak percaya survey litbang kompas,"['inget', 'pas', 'pilpres', 'kemaren', 'anies', 'kagak', 'percaya', 'survey', 'litbang', 'kompas']",netral
hendra_hutauruk15,"kalo udh ahok turun, bisa jadi 68%",kalo udh ahok turun,kalo udh ahok turun,"['kalo', 'udh', 'ahok', 'turun']",netral
asepsuhendar963,Yg warga jakarta ngacung ğŸ˜‚,yg warga jakarta ngacung,yg warga jakarta ngacung,"['yg', 'warga', 'jakarta', 'ngacung']",netral
jos_agunghb,Ahok - ridwan.... josss ğŸ˜,ahok ridwan josss,ahok ridwan josss,"['ahok', 'ridwan', 'josss']",netral
dwia856,ğŸ˜‚ğŸ˜‚,,,[],netral
chemetery_gates,Orang2nya circle nya itu2 aja....kaga ada apa calon dari kalangan marjinal,orangnya circle nya ajakaga calon kalangan marjinal,orang circle nya ajakaga calon kalang marjinal,"['orang', 'circle', 'nya', 'ajakaga', 'calon', 'kalang', 'marjinal']",netral
hldmarz,Itu siapa dah yg vote milih heru budi? ğŸ˜‚,dah yg vote milih heru budi,dah yg vote milih heru budi,"['dah', 'yg', 'vote', 'milih', 'heru', 'budi']",netral
rcardo_603l703m,Gubernurnya Ridwan kamil wakilnya Basuki cahaya purnama cocok gak?,gubernurnya ridwan kamil wakilnya basuki cahaya purnama cocok gak,gubernur ridwan kamil wakil basuki cahaya purnama cocok gak,"['gubernur', 'ridwan', 'kamil', 'wakil', 'basuki', 'cahaya', 'purnama', 'cocok', 'gak']",netral
putra.aminaya,1.Anies - Ahok 2.Anies - Andhika ğŸ”¥ğŸ”¥ğŸ”¥ğŸ”¥ğŸ”¥,anies ahok anies andhika,anies ahok anies andhika,"['anies', 'ahok', 'anies', 'andhika']",netral
geyisiagian,AHOKK,ahokk,ahokk,['ahokk'],netral
pjooo__,ahokğŸ”¥,ahok,ahok,['ahok'],netral
joki11642,Semoga Tuhan ijinkan Ahok jadi gubernur.....wakilnya  pak Jonas...ğŸ‘,semoga tuhan ijinkan ahok gubernurwakilnya jonas,moga tuhan ijinkan ahok gubernurwakilnya jonas,"['moga', 'tuhan', 'ijinkan', 'ahok', 'gubernurwakilnya', 'jonas']",netral
jilkinamarah,Gw sih ahok,gw sih ahok,gw sih ahok,"['gw', 'sih', 'ahok']",netral
arsidsugiantoro,Semoga jakarta mendapatkan gubernur yg baik bagus n amanahğŸ˜ŠğŸ¤²,semoga jakarta gubernur yg bagus n amanah,moga jakarta gubernur yg bagus n amanah,"['moga', 'jakarta', 'gubernur', 'yg', 'bagus', 'n', 'amanah']",netral
si_bogar,"Ahok dong..., terbukti tegas....ğŸ‘ Cuma dlu kejebak ayat, yg digoreng trs oleh kubu sebelah....",ahok terbukti dlu kejebak ayat yg digoreng trs kubu sebelah,ahok bukti dlu jebak ayat yg goreng trs kubu belah,"['ahok', 'bukti', 'dlu', 'jebak', 'ayat', 'yg', 'goreng', 'trs', 'kubu', 'belah']",netral
yayat4476,Kaesang Pangarep.,kaesang pangarep,kaesang pangarep,"['kaesang', 'pangarep']",netral
yayat4476,Jendral TNI Andika perkasa,jendral tni andika perkasa,jendral tni andika perkasa,"['jendral', 'tni', 'andika', 'perkasa']",netral
simbolon.mawardi,â¤ï¸â¤ï¸,,,[],netral
febrihxnx,Bismillah pak anies â¤ï¸,bismillah anies,bismillah anies,"['bismillah', 'anies']",netral
marz_volta,Padahal mending kaesang biar bisa rasakan cacimaki warga jkt ğŸ˜‚,mending kaesang biar rasakan cacimaki warga jkt,mending kaesang biar rasa cacimaki warga jkt,"['mending', 'kaesang', 'biar', 'rasa', 'cacimaki', 'warga', 'jkt']",netral
ibnusetiawan85,Pilkada msh jauh perhitungan suarağŸ˜‚ğŸ˜‚ğŸ˜‚ğŸ˜‚,pilkada msh perhitungan suara,pilkada msh hitung suara,"['pilkada', 'msh', 'hitung', 'suara']",netral
rifky.abdulaziz,RK lebih tinggi dari KP ko malah golkar ngusung KP,rk kp ko golkar ngusung kp,rk kp ko golkar ngusung kp,"['rk', 'kp', 'ko', 'golkar', 'ngusung', 'kp']",netral
tedot94,"Ahok bagus, anies jg gpp... ğŸ”¥",ahok bagus anies jg gpp,ahok bagus anies jg gpp,"['ahok', 'bagus', 'anies', 'jg', 'gpp']",netral
rifky.abdulaziz,AB & BTP pasti jakarta lebih baikğŸ”¥ğŸ”¥ğŸ”¥ğŸ”¥ğŸ”¥ğŸ”¥,ab btp jakarta,ab btp jakarta,"['ab', 'btp', 'jakarta']",netral
giwong_sniper,Saya pilih anies baswedan,pilih anies baswedan,pilih anies baswedan,"['pilih', 'anies', 'baswedan']",netral
satriokonthit,"Anies bagus di survey,pas pemiihan kalah,bisa  gak ya kaak gitu",anies bagus surveypas pemiihan kalahbisa gak ya kaak gitu,anies bagus surveypas pemiihan kalahbisa gak ya kaak gitu,"['anies', 'bagus', 'surveypas', 'pemiihan', 'kalahbisa', 'gak', 'ya', 'kaak', 'gitu']",netral
andrea_claire118,Ahok lah,ahok,ahok,['ahok'],netral
izzuddin_assulthan,ada yang milih Heru Budi?,milih heru budi,milih heru budi,"['milih', 'heru', 'budi']",netral
katarina_sozovka,pak Anies untuk Jakarta selamanya ğŸ˜ğŸ˜ğŸ˜ğŸ˜ğŸ˜,anies jakarta,anies jakarta,"['anies', 'jakarta']",netral
ron.indarto,Ahok vs Anies dah paling seru ğŸ”¥ğŸ”¥ğŸ”¥,ahok vs anies dah seru,ahok vs anies dah seru,"['ahok', 'vs', 'anies', 'dah', 'seru']",netral
kusnadiputera_fjr02,Aku berharap pak anies pimpin jakarta lagiğŸ”¥ğŸ˜,berharap anies pimpin jakarta,harap anies pimpin jakarta,"['harap', 'anies', 'pimpin', 'jakarta']",netral
indonesia_maju.2024,"Masih heran ,kenapa bnyk yg milih anis sih",heran bnyk yg milih anis sih,heran bnyk yg milih anis sih,"['heran', 'bnyk', 'yg', 'milih', 'anis', 'sih']",netral
yeels_18,Dah ngk usah poling langsung lantik aja lah dah kebaca jg nt ujung ujungnya siapa ğŸ˜‚ğŸ˜‚ğŸ˜‚,dah ngk poling langsung lantik aja dah kebaca jg nt ujung ujungnya,dah ngk poling langsung lantik aja dah baca jg nt ujung ujung,"['dah', 'ngk', 'poling', 'langsung', 'lantik', 'aja', 'dah', 'baca', 'jg', 'nt', 'ujung', 'ujung']",netral
yudimic,"Udahlah biar Pak  dan Pak   aja, biar sekali-kali ngerasin kalah sang Raja itu.. Jateng juga pasang yang kuat, jgn sampe kerajaan itu lah.. Dukung 100% ini met",udahlah biar aja biar sekalikali ngerasin kalah sang raja jateng pasang kuat jgn sampe kerajaan dukung met,udahlah biar aja biar sekalikali ngerasin kalah sang raja jateng pasang kuat jgn sampe raja dukung met,"['udahlah', 'biar', 'aja', 'biar', 'sekalikali', 'ngerasin', 'kalah', 'sang', 'raja', 'jateng', 'pasang', 'kuat', 'jgn', 'sampe', 'raja', 'dukung', 'met']",netral
abdulkhairibnufaridi4,Akun baru netes pada ribut kagak karuan krn nama pak Anies tinggiğŸ˜‚,akun netes ribut kagak karuan krn nama anies,akun netes ribut kagak karuan krn nama anies,"['akun', 'netes', 'ribut', 'kagak', 'karuan', 'krn', 'nama', 'anies']",netral
pranindito_gadies,Anis jendral andikağŸ”¥,anis jendral andika,anis jendral andika,"['anis', 'jendral', 'andika']",netral
rafialif007,Semangat pak heru... ğŸ˜‚,semangat heru,semangat heru,"['semangat', 'heru']",netral
kifli_ritawati_96,Jelas Pak Anis yang Lebih banyak PrestasinyağŸ¥°ğŸ™,anis prestasinya,anis prestasi,"['anis', 'prestasi']",netral
murdiono_ali,Kasihan deh pribumi Betawi cuma jadi penonton yang terpinggirkan ğŸ˜¥ğŸ˜¥ğŸ˜¥,kasihan deh pribumi betawi penonton terpinggirkan,kasihan deh pribumi betawi tonton pinggir,"['kasihan', 'deh', 'pribumi', 'betawi', 'tonton', 'pinggir']",netral
jen13_lin,ah surve yg lain anak pak lurah no 1 ğŸ˜‚,ah surve yg anak lurah no,ah surve yg anak lurah no,"['ah', 'surve', 'yg', 'anak', 'lurah', 'no']",netral
iam_gavins,Dan kalian masih Percaya sama Wan Abud.. Tukang Obat..?ğŸ˜ƒğŸ˜„,percaya wan abud tukang obat,percaya wan abud tukang obat,"['percaya', 'wan', 'abud', 'tukang', 'obat']",negatif
aigoo_watashi,"Berkat ketidakbecusan Heru sekaligus terlalu manut sama Jokowi, warga Jakarta mengalami CLBK. Cinta Lama Bersemi Kembali.",berkat ketidakbecusan heru manut jokowi warga jakarta mengalami clbk cinta bersemi,berkat ketidakbecusan heru manut jokowi warga jakarta alami clbk cinta semi,"['berkat', 'ketidakbecusan', 'heru', 'manut', 'jokowi', 'warga', 'jakarta', 'alami', 'clbk', 'cinta', 'semi']",netral
elyselys651,Duet ANIES-ANDIKA kereen nih!,duet aniesandika kereen nih,duet aniesandika kereen nih,"['duet', 'aniesandika', 'kereen', 'nih']",netral
achmadsan88,Bagus kayaknya Kaesang - Heru budi berpasangan ... biar makin lawak negeri iniğŸ˜‚,bagus kayaknya kaesang heru budi berpasangan biar lawak negeri,bagus kayak kaesang heru budi pasang biar lawak negeri,"['bagus', 'kayak', 'kaesang', 'heru', 'budi', 'pasang', 'biar', 'lawak', 'negeri']",netral
adi_susanto362,"Mau siapapun gub dki, yaa tetap gituÂ² aja. Macet banjir, kws kumuh, pkl, itulah penyakit gak bisa sembuhÂ²ğŸ‘ğŸ‘",gub dki yaa gitu aja macet banjir kws kumuh pkl penyakit gak sembuh,gub dki yaa gitu aja macet banjir kws kumuh pkl sakit gak sembuh,"['gub', 'dki', 'yaa', 'gitu', 'aja', 'macet', 'banjir', 'kws', 'kumuh', 'pkl', 'sakit', 'gak', 'sembuh']",netral
szsz5g,"JELAS, CERDAS ,BERKOMPETEN ,",cerdas berkompeten,cerdas kompeten,"['cerdas', 'kompeten']",netral
aribopel,Dan pemenangnya adalah bapak kaesang ğŸ˜‚,pemenangnya kaesang,menang kaesang,"['menang', 'kaesang']",netral
perkakasjaya,Anak abah. Bilng ini survei bayaran gak yaahğŸ˜‚ğŸ˜‚ğŸ˜‚ğŸ˜‚ğŸ˜‚ğŸ˜‚ğŸ˜‚ğŸ˜‚ğŸ˜‚ğŸ˜‚,anak abah bilng survei bayaran gak yaah,anak abah bilng survei bayar gak yaah,"['anak', 'abah', 'bilng', 'survei', 'bayar', 'gak', 'yaah']",netral
difanugrah,Aku,,,[],netral
lauren_prima,"Ayo maju lagi Ahok dan Anies, biar bertarung ulang. Tapi jgn pake politisasi agama, bertarung kualitas dan program kerja saja.",ayo maju ahok anies biar bertarung ulang jgn pake politisasi agama bertarung kualitas program kerja,ayo maju ahok anies biar tarung ulang jgn pake politisasi agama tarung kualitas program kerja,"['ayo', 'maju', 'ahok', 'anies', 'biar', 'tarung', 'ulang', 'jgn', 'pake', 'politisasi', 'agama', 'tarung', 'kualitas', 'program', 'kerja']",netral
yanto.soewarna,Sy pilih Zita Anjani anaknya Ketum PAN Zulkifly Hassan,sy pilih zita anjani anaknya ketum pan zulkifly hassan,sy pilih zita anjani anak tum pan zulkifly hassan,"['sy', 'pilih', 'zita', 'anjani', 'anak', 'tum', 'pan', 'zulkifly', 'hassan']",netral
m_jamieal,"Jgn ahok deh, gede bacot doang",jgn ahok deh gede bacot doang,jgn ahok deh gede bacot doang,"['jgn', 'ahok', 'deh', 'gede', 'bacot', 'doang']",netral
modric_cool2,bjiiiirr si anis turun kasta lagiğŸ”¥,bjiiiirr si anis turun kasta,bjiiiirr si anis turun kasta,"['bjiiiirr', 'si', 'anis', 'turun', 'kasta']",netral
arif_100293,Realistis,realistis,realistis,['realistis'],netral
kiosaka_frozenfood,josss BTP,josss btp,josss btp,"['josss', 'btp']",netral
utssgood,Dah lah.. damaikan anies ahok demi lawan dinasti pisang..,dah damaikan anies ahok lawan dinasti pisang,dah damai anies ahok lawan dinasti pisang,"['dah', 'damai', 'anies', 'ahok', 'lawan', 'dinasti', 'pisang']",netral
aldeeomeen,"Zakat aja 2,5%ğŸ˜‚",zakat aja,zakat aja,"['zakat', 'aja']",netral
tamasl05,"Ahok yg sdh turun panggung saja masih bisa 20%, tinggal dipoles lagi pasti moncer",ahok yg sdh turun panggung tinggal dipoles moncer,ahok yg sdh turun panggung tinggal poles moncer,"['ahok', 'yg', 'sdh', 'turun', 'panggung', 'tinggal', 'poles', 'moncer']",netral
asterrn_,Mas Heru kok paling bawah,mas heru,mas heru,"['mas', 'heru']",netral
gregorius.geli,Ahok,ahok,ahok,['ahok'],netral
insight.pras5758,ğŸ˜‚ğŸ˜‚ğŸ˜‚ğŸ˜‚ paling bahagia kaum 17%,bahagia kaum,bahagia kaum,"['bahagia', 'kaum']",netral
gregorius.geli,"Ahok aja,, biar beresin semua kekacauan di jakarta...",ahok aja biar beresin kekacauan jakarta,ahok aja biar resin kacau jakarta,"['ahok', 'aja', 'biar', 'resin', 'kacau', 'jakarta']",netral
dul22577,Menyala abahku,menyala abahku,nyala abah,"['nyala', 'abah']",netral
ayutiasih,"Takutnya survei gini menang, pas memilihan kalah, tantrum lg... Jangan lah diPHP kasian pendukungnya...",takutnya survei gini menang pas memilihan kalah tantrum lg diphp kasian pendukungnya,takut survei gin menang pas pilih kalah tantrum lg diphp kasi dukung,"['takut', 'survei', 'gin', 'menang', 'pas', 'pilih', 'kalah', 'tantrum', 'lg', 'diphp', 'kasi', 'dukung']",netral
djokovic_bone,"DkJ butuh muka baru ,orang baru bukan orang lama di kemas baru ....belangnya yg lama dah tau lah",dkj butuh muka orang orang kemas belangnya yg dah tau,dkj butuh muka orang orang kemas belang yg dah tau,"['dkj', 'butuh', 'muka', 'orang', 'orang', 'kemas', 'belang', 'yg', 'dah', 'tau']",netral
swyudha,Goreng terus Kompas !!!!,goreng kompas,goreng kompas,"['goreng', 'kompas']",netral
warno_59,"Kasian Kaesang kurang peminat, kenapa ya ????",kasian kaesang peminat ya,kasi kaesang minat ya,"['kasi', 'kaesang', 'minat', 'ya']",netral
herry.nurdiansyah87,"Haji Bolot (Gubernur), Malih TongTong (Wakil) ini aja udeh ğŸ˜‚",haji bolot gubernur malih tongtong wakil aja udeh,haji bolot gubernur malih tongtong wakil aja udeh,"['haji', 'bolot', 'gubernur', 'malih', 'tongtong', 'wakil', 'aja', 'udeh']",netral
javar_sadeq,Ridwan kamil & pak ahok mantab,ridwan kamil ahok mantab,ridwan kamil ahok mantab,"['ridwan', 'kamil', 'ahok', 'mantab']",netral
handayaniwoke,Ahokkkk,ahokkkk,ahokkkk,['ahokkkk'],netral
sigasigi,"Heru mah 0,1 min jgn di gede""in",heru mah min jgn gedein,heru mah min jgn gedein,"['heru', 'mah', 'min', 'jgn', 'gedein']",netral
sucipto.tjauw,Ahok kaesang SUDAH PALING BENAR,ahok kaesang,ahok kaesang,"['ahok', 'kaesang']",netral
agung.kharisma.948,Anies dunk,anies dunk,anies dunk,"['anies', 'dunk']",netral
deesisem,Ahok-AniesğŸ™‚,ahokanies,ahokanies,['ahokanies'],netral
dhelapantujuh_____,Sri mulyani udah cocok jdi menkeuğŸ˜¢,sri mulyani udah cocok jdi menkeu,sri mulyani udah cocok jdi menkeu,"['sri', 'mulyani', 'udah', 'cocok', 'jdi', 'menkeu']",netral
rizaldisyamsir,Bu  jadi Cagub di Jawa Tengah aja. Kemungkinan elektabikitasnya tinggi,bu cagub jawa aja elektabikitasnya,bu cagub jawa aja elektabikitasnya,"['bu', 'cagub', 'jawa', 'aja', 'elektabikitasnya']",netral
bimoadityaa,BTP Untuk perubahan Jkt,btp perubahan jkt,btp ubah jkt,"['btp', 'ubah', 'jkt']",netral
banananaofficialy,Emang ada partai yang berani ngusung pak Anis duet sama pak Ahok? Kalau ada yang berani bisa susah ngelawan.nya..,emang partai berani ngusung anis duet ahok berani susah ngelawannya,emang partai berani ngusung anis duet ahok berani susah ngelawannya,"['emang', 'partai', 'berani', 'ngusung', 'anis', 'duet', 'ahok', 'berani', 'susah', 'ngelawannya']",netral
yanpurwandi,400 responden doang. Coba yg respondennya wrga jkt,responden doang coba yg respondennya wrga jkt,responden doang coba yg responden wrga jkt,"['responden', 'doang', 'coba', 'yg', 'responden', 'wrga', 'jkt']",netral
resall_18,"Bujug tumben itu gacoan gue paling atas,biasanye dibikin paling bawah.",bujug tumben gacoan gue atasbiasanye dibikin,bujug tumben gaco gue atasbiasanye bikin,"['bujug', 'tumben', 'gaco', 'gue', 'atasbiasanye', 'bikin']",netral
jefry_arsyavin,Juaranya tetep Mas KaesangğŸ‘,juaranya tetep mas kaesang,juara tetep mas kaesang,"['juara', 'tetep', 'mas', 'kaesang']",netral
red_xxlin,"Masing2 sudah pernah menjabat, rakyat Jakarta sudah tahu mana yg punya kapabilitas, kredibilitas dan kompetensi. Mana yg bikin perubahan ke arah yg benar dan tepat",menjabat rakyat jakarta yg kapabilitas kredibilitas kompetensi yg bikin perubahan arah yg,jabat rakyat jakarta yg kapabilitas kredibilitas kompetensi yg bikin ubah arah yg,"['jabat', 'rakyat', 'jakarta', 'yg', 'kapabilitas', 'kredibilitas', 'kompetensi', 'yg', 'bikin', 'ubah', 'arah', 'yg']",netral
aidafaig,Ridwan Kamil atau gak Ahok aja lah ya Allah gubernur Jkt. At least lebih nyata kerjanya,ridwan kamil gak ahok aja ya allah gubernur jkt at least nyata kerjanya,ridwan kamil gak ahok aja ya allah gubernur jkt at least nyata kerja,"['ridwan', 'kamil', 'gak', 'ahok', 'aja', 'ya', 'allah', 'gubernur', 'jkt', 'at', 'least', 'nyata', 'kerja']",negatif
_nubaqi_,Kaesang ngapain coekğŸ—¿,kaesang ngapain coek,kaesang ngapain coek,"['kaesang', 'ngapain', 'coek']",netral
artdiputro,Kalau versi LSI?,versi lsi,versi lsi,"['versi', 'lsi']",netral
affan_a.d,Paling bener memang pak anis trus wakil nya ahokğŸ‘ğŸ‘ğŸ˜‚,bener anis trus wakil nya ahok,bener anis trus wakil nya ahok,"['bener', 'anis', 'trus', 'wakil', 'nya', 'ahok']",netral
abayjuro,"Ada ada aja kelakuan orang yang kalo markir motornya  ngga diruang tamu, trus standar nya harus di alasin kain atau kardus",aja kelakuan orang kalo markir motornya ngga diruang tamu trus standar nya alasin kain kardus,aja laku orang kalo markir motor ngga ruang tamu trus standar nya alasin kain kardus,"['aja', 'laku', 'orang', 'kalo', 'markir', 'motor', 'ngga', 'ruang', 'tamu', 'trus', 'standar', 'nya', 'alasin', 'kain', 'kardus']",netral
donal79,gak minat...,gak minat,gak minat,"['gak', 'minat']",netral
ariefprasetia,ğŸ˜‚ğŸ˜‚ğŸ˜‚,,,[],netral
hasan_asyari1,Pak Heru Budi masih ada? ğŸ˜‚,heru budi,heru budi,"['heru', 'budi']",netral
ilyaswkoerniawan,"kaget, si bungsu masih dibawah, padahal...harusnya teratas,..mana survey qodori..",kaget si bungsu dibawah padahalharusnya teratasmana survey qodori,kaget si bungsu bawah padahalharusnya teratasmana survey qodori,"['kaget', 'si', 'bungsu', 'bawah', 'padahalharusnya', 'teratasmana', 'survey', 'qodori']",netral
opa_jimm,"ğŸ˜‚ğŸ˜‚ğŸ˜‚ğŸ˜‚ğŸ˜‚ ketawain aja,",ketawain aja,ketawain aja,"['ketawain', 'aja']",netral
adirvan_ongorsbunny,Pak Anis dan Pak Ahok dipasangin aja biar akurğŸ‘ğŸ‘,anis ahok dipasangin aja biar akur,anis ahok dipasangin aja biar akur,"['anis', 'ahok', 'dipasangin', 'aja', 'biar', 'akur']",netral
jparwant7,"ABS, asal bukan sologiensis",abs sologiensis,abs sologiensis,"['abs', 'sologiensis']",netral
hairul_farr,Mana nih kaesang kok gk ada,nih kaesang gk,nih kaesang gk,"['nih', 'kaesang', 'gk']",netral
kamilakebelet,Msh ada 1 persen ya yg milih bapak ituh?,msh persen ya yg milih ituh,msh persen ya yg milih ituh,"['msh', 'persen', 'ya', 'yg', 'milih', 'ituh']",netral
ayip1728,Ahok - Sri Mulyani,ahok sri mulyani,ahok sri mulyani,"['ahok', 'sri', 'mulyani']",netral
azwadiahmad4,Goodbener Pak Aniesâ¤ï¸,goodbener anies,goodbener anies,"['goodbener', 'anies']",netral
steve_hp_wj,Ahok ğŸ”¥ğŸ”¥ğŸ”¥,ahok,ahok,['ahok'],netral
cikalaulia0405,Gk ada nama kreji ric,gk nama kreji ric,gk nama kreji ric,"['gk', 'nama', 'kreji', 'ric']",netral
l40d3nti,1%,,,[],netral
rfs_sinaga,"Kalah capres .eehhh nyalon lagi..apa namanya ini.. prop kembang,gak ada yg Laen bermutuğŸ˜‚ğŸ˜‚",kalah capres eehhh nyalon lagiapa namanya prop kembanggak yg laen bermutu,kalah capres eehhh nyalon lagiapa nama prop kembanggak yg laen mutu,"['kalah', 'capres', 'eehhh', 'nyalon', 'lagiapa', 'nama', 'prop', 'kembanggak', 'yg', 'laen', 'mutu']",netral
jaransun_,Colek kang,colek kang,colek kang,"['colek', 'kang']",netral
pari_ban_cibubur,"Masalah nya nanti banyak pemilih gelap atau kampanye jorjoran yg bikin nomor tengah atau buntut juara, contohnya makan siang gratis gitu",nya pemilih gelap kampanye jorjoran yg bikin nomor buntut juara contohnya makan siang gratis gitu,nya pilih gelap kampanye jorjoran yg bikin nomor buntut juara contoh makan siang gratis gitu,"['nya', 'pilih', 'gelap', 'kampanye', 'jorjoran', 'yg', 'bikin', 'nomor', 'buntut', 'juara', 'contoh', 'makan', 'siang', 'gratis', 'gitu']",netral
pakdeto7171,Tolong diduetkan Ahok Sri Mulyani... Wan sbut ga akan dapet panggung di Nusantara ini,tolong diduetkan ahok sri mulyani wan sbut ga dapet panggung nusantara,tolong duet ahok sri mulyani wan sbut ga dapet panggung nusantara,"['tolong', 'duet', 'ahok', 'sri', 'mulyani', 'wan', 'sbut', 'ga', 'dapet', 'panggung', 'nusantara']",negatif
pari_ban_cibubur,Udah pasangkan aja anis ahok maju lewat pdip toh dulu yg bawa anis aja udah bersebrangan kan. Brarti bukan anis kemarin yg bawa isu sara tapi pendukungnya dan partai pendukungnya yaitu gerindra,udah pasangkan aja anis ahok maju pdip yg bawa anis aja udah bersebrangan brarti anis kemarin yg bawa isu sara pendukungnya partai pendukungnya gerindra,udah pasang aja anis ahok maju pdip yg bawa anis aja udah bersebrangan brarti anis kemarin yg bawa isu sara dukung partai dukung gerindra,"['udah', 'pasang', 'aja', 'anis', 'ahok', 'maju', 'pdip', 'yg', 'bawa', 'anis', 'aja', 'udah', 'bersebrangan', 'brarti', 'anis', 'kemarin', 'yg', 'bawa', 'isu', 'sara', 'dukung', 'partai', 'dukung', 'gerindra']",netral
maryanto232,Kalau gubernur yg lalu berhasil meniadakan banjir maka tentunya sampai sekarang tdk ada banjir. Sehingga gubernur selanjutnya akan menangani yg lain,gubernur yg berhasil meniadakan banjir tdk banjir gubernur menangani yg,gubernur yg hasil tiada banjir tdk banjir gubernur tangan yg,"['gubernur', 'yg', 'hasil', 'tiada', 'banjir', 'tdk', 'banjir', 'gubernur', 'tangan', 'yg']",netral
andy_jojo48,"seandainya ""Komeng"" ada pasti w LBH milih beliau....yg kepilih bener2 dr rakyat...yg tidak pernah ""menjatuhkan...omongnny konsisten..TDK memecah belah ....bukan budak partai....yah gitu lahğŸ˜‚",seandainya komeng w lbh milih beliauyg kepilih bener dr rakyatyg menjatuhkanomongnny konsistentdk memecah belah budak partaiyah gitu,anda komeng w lbh milih beliauyg pilih bener dr rakyatyg menjatuhkanomongnny konsistentdk pecah belah budak partaiyah gitu,"['anda', 'komeng', 'w', 'lbh', 'milih', 'beliauyg', 'pilih', 'bener', 'dr', 'rakyatyg', 'menjatuhkanomongnny', 'konsistentdk', 'pecah', 'belah', 'budak', 'partaiyah', 'gitu']",netral
aomine_evo,Semangat Warga Jakarta. ğŸ‘,semangat warga jakarta,semangat warga jakarta,"['semangat', 'warga', 'jakarta']",netral
rwikuwibowo,Asikkk pak Anies terpilih lagi jadi gubernur versi survey kompasğŸ‘ğŸ‘ğŸ‘,asikkk anies terpilih gubernur versi survey kompas,asikkk anies pilih gubernur versi survey kompas,"['asikkk', 'anies', 'pilih', 'gubernur', 'versi', 'survey', 'kompas']",netral
asep_atib_al123,"Yaudahh biar adilll Pak Anies jadi Gubernur nya,pak Ahok jadi wakil nyağŸ‘",yaudahh biar adilll anies gubernur nyapak ahok wakil nya,yaudahh biar adilll anies gubernur nyapak ahok wakil nya,"['yaudahh', 'biar', 'adilll', 'anies', 'gubernur', 'nyapak', 'ahok', 'wakil', 'nya']",netral
pajak_inpres_kosmetik_kutacane,Jakarta anda parah! ğŸ˜‚ğŸ˜‚ğŸ˜‚,jakarta parah,jakarta parah,"['jakarta', 'parah']",netral
juriantovanpersie10,Ahokkk aja,ahokkk aja,ahokkk aja,"['ahokkk', 'aja']",netral
andy_wijay4,Asekk ada lahan buat mkn nasi bungkus ini buzzer gorong gorong ğŸ˜‚,asekk lahan mkn nasi bungkus buzzer gorong gorong,asekk lahan mkn nasi bungkus buzzer gorong gorong,"['asekk', 'lahan', 'mkn', 'nasi', 'bungkus', 'buzzer', 'gorong', 'gorong']",netral
angginurul_,Pak anies ma pak ahok cocok bgt,anies ma ahok cocok bgt,anies ma ahok cocok bgt,"['anies', 'ma', 'ahok', 'cocok', 'bgt']",netral
ani_d.rusmiyani,Pak Ahok aja,ahok aja,ahok aja,"['ahok', 'aja']",netral
issyudhie,Ga menjamin....,ga menjamin,ga jamin,"['ga', 'jamin']",netral
kumiko972,AHOK ğŸ”¥ğŸ”¥ğŸ”¥,ahok,ahok,['ahok'],netral
ichio_,Tukang palak pajak ngapain disitu?,tukang palak pajak ngapain disitu,tukang palak pajak ngapain situ,"['tukang', 'palak', 'pajak', 'ngapain', 'situ']",netral
nuky_ars,ABAH : Anies - Basuki Tjahya Purnama.  duet Bomber nihh,abah anies basuki tjahya purnama duet bomber nihh,abah anies basuki tjahya purnama duet bomber nihh,"['abah', 'anies', 'basuki', 'tjahya', 'purnama', 'duet', 'bomber', 'nihh']",netral
nuky_ars,ABAH : Anies Baswedan - AHok ğŸ”¥,abah anies baswedan ahok,abah anies baswedan ahok,"['abah', 'anies', 'baswedan', 'ahok']",netral
henricusjsw,Tunggu aja besok jg lembaga survey lgsg berubah. Yg 1% pasti berubah ğŸ˜‚ğŸ˜‚ğŸ˜‚,tunggu aja besok jg lembaga survey lgsg berubah yg berubah,tunggu aja besok jg lembaga survey lgsg ubah yg ubah,"['tunggu', 'aja', 'besok', 'jg', 'lembaga', 'survey', 'lgsg', 'ubah', 'yg', 'ubah']",netral
purbasari.ayu,Ntar niy versiny si qodari beda....ğŸ˜‚ğŸ˜‚ğŸ˜‚ğŸ˜‚,ntar niy versiny si qodari beda,ntar niy versiny si qodari beda,"['ntar', 'niy', 'versiny', 'si', 'qodari', 'beda']",netral
tooon93,AnisğŸ˜ tetap anisğŸ˜,anis anis,anis anis,"['anis', 'anis']",netral
gnkplt28,erick2 ğŸ˜‚,erick,erick,['erick'],netral
sitorus_ucok90,pak ahok ke sumut please..,ahok sumut please,ahok sumut please,"['ahok', 'sumut', 'please']",netral
amrighiffari12,Tumben anak presiden survey nya kecil,tumben anak presiden survey nya,tumben anak presiden survey nya,"['tumben', 'anak', 'presiden', 'survey', 'nya']",netral
christian_sidarta,Serius nanya emang bener kalau mantan gubernur tidak bisa mencalonkan sebagai wakil?,serius nanya emang bener mantan gubernur mencalonkan wakil,serius nanya emang bener mantan gubernur calon wakil,"['serius', 'nanya', 'emang', 'bener', 'mantan', 'gubernur', 'calon', 'wakil']",netral
warshaka,Sekarang pendukung Anies percaya hasil survei?,pendukung anies percaya hasil survei,dukung anies percaya hasil survei,"['dukung', 'anies', 'percaya', 'hasil', 'survei']",netral
great_aset_property_rian,"Hati2 di tikungan ada Kabah,langsung naikğŸ˜ğŸ¤£",hati tikungan kabahlangsung,hati tikung kabahlangsung,"['hati', 'tikung', 'kabahlangsung']",netral
olgakoswanurfandianka,Pak Ahok ayo gas lagi bapak. ğŸ™ŒğŸ”¥ğŸ‘ğŸ˜,ahok ayo gas,ahok ayo gas,"['ahok', 'ayo', 'gas']",netral
rayhan.rauf,PDI punya kader terbaik ahok aja jkrta 1 ngapain incer jkrta 2,pdi kader terbaik ahok aja jkrta ngapain incer jkrta,pdi kader baik ahok aja jkrta ngapain incer jkrta,"['pdi', 'kader', 'baik', 'ahok', 'aja', 'jkrta', 'ngapain', 'incer', 'jkrta']",netral
kiki_jpg,Hara tenang harap tenang ğŸ˜‚,hara tenang harap tenang,hara tenang harap tenang,"['hara', 'tenang', 'harap', 'tenang']",netral
aldo.s.jr97,Idih amit2 klo si omon2,idih amit klo si omon,idih amit klo si omon,"['idih', 'amit', 'klo', 'si', 'omon']",netral
syarifromdhoni,"udah give up aja, daripada ngabisin duit buat lawan orang yg pasti menang",udah give up aja ngabisin duit lawan orang yg menang,udah give up aja ngabisin duit lawan orang yg menang,"['udah', 'give', 'up', 'aja', 'ngabisin', 'duit', 'lawan', 'orang', 'yg', 'menang']",netral
shinta.rs_,Heru udah ga tertolong,heru udah ga tertolong,heru udah ga tolong,"['heru', 'udah', 'ga', 'tolong']",netral
arief.ramadhan721,Coba dong anies di jawa barat apa elektabilitasnya bisa ngalahin RKğŸ˜‚,coba anies jawa barat elektabilitasnya ngalahin rk,coba anies jawa barat elektabilitasnya ngalahin rk,"['coba', 'anies', 'jawa', 'barat', 'elektabilitasnya', 'ngalahin', 'rk']",netral
danielvergasmoon01,Abah we love uğŸ”¥,abah we love u,abah we love u,"['abah', 'we', 'love', 'u']",positif
andrechristopher27,Waktu itu katanya ada survei yg bilang tingkat kepuasan terhadap Pj Heru tinggiâ€¦.lha kok paling bontot ? ğŸ˜‚ğŸ˜‚ğŸ˜‚,survei yg bilang tingkat kepuasan pj heru tinggilha bontot,survei yg bilang tingkat puas pj heru tinggilha bontot,"['survei', 'yg', 'bilang', 'tingkat', 'puas', 'pj', 'heru', 'tinggilha', 'bontot']",netral
adelia_kputri,"Putra Bungsu Raja Konoha gak laku kalo di Kota. Secara umum pemilih cerdas, dan juga ga ada KadesÂ² yg bs dikonsolidasikan.",putra bungsu raja konoha gak laku kalo kota pemilih cerdas ga kades yg bs dikonsolidasikan,putra bungsu raja konoha gak laku kalo kota pilih cerdas ga kades yg bs konsolidasi,"['putra', 'bungsu', 'raja', 'konoha', 'gak', 'laku', 'kalo', 'kota', 'pilih', 'cerdas', 'ga', 'kades', 'yg', 'bs', 'konsolidasi']",netral
zainalarief53,Tetap 1% dong ğŸ˜‚ğŸ”¥,,,[],netral
iyee_ol,Kok anak muda paling berprestasi   ga masuk ? Jgn sampe bapaknya nyuruh KPK obrak abrik kompas.,anak muda berprestasi ga masuk jgn sampe bapaknya nyuruh kpk obrak abrik kompas,anak muda prestasi ga masuk jgn sampe bapak nyuruh kpk obrak abrik kompas,"['anak', 'muda', 'prestasi', 'ga', 'masuk', 'jgn', 'sampe', 'bapak', 'nyuruh', 'kpk', 'obrak', 'abrik', 'kompas']",netral
aagadgetcomp,Pak dharma dong nomer 1,dharma nomer,dharma nomer,"['dharma', 'nomer']",netral
syahputra15._,Kadrun tumben percaya survey ğŸ˜‚,kadrun tumben percaya survey,kadrun tumben percaya survey,"['kadrun', 'tumben', 'percaya', 'survey']",netral
christopher_dwiandana,"Ridwan kamil ahok oye, no simbah yaman",ridwan kamil ahok oye no simbah yaman,ridwan kamil ahok oye no simbah yaman,"['ridwan', 'kamil', 'ahok', 'oye', 'no', 'simbah', 'yaman']",netral
ibnufajri11,Akun ini dr jman capress lbh ke aniss... ğŸ”¥,akun dr jman capress lbh aniss,akun dr jman capress lbh aniss,"['akun', 'dr', 'jman', 'capress', 'lbh', 'aniss']",netral
jefrie_dj,Klo gitu relakan saja jakarta...toh bkn ibukota lagi..kita tinggal pantau bencana ke depanğŸ˜‚,klo gitu relakan jakartatoh bkn ibukota lagikita tinggal pantau bencana,klo gitu rela jakartatoh bkn ibukota lagikita tinggal pantau bencana,"['klo', 'gitu', 'rela', 'jakartatoh', 'bkn', 'ibukota', 'lagikita', 'tinggal', 'pantau', 'bencana']",netral
bangbazoeri,Tumben Kaesang 1% biasanya klo lembaga survey keluarga solo selalu bagusğŸ¤£,tumben kaesang klo lembaga survey keluarga solo bagus,tumben kaesang klo lembaga survey keluarga solo bagus,"['tumben', 'kaesang', 'klo', 'lembaga', 'survey', 'keluarga', 'solo', 'bagus']",netral
agam.sofyanto99,"Bosan , siapapun yg jadi pemimpin, rakyat Indonesia tetap miskin",bosan yg pemimpin rakyat indonesia miskin,bosan yg pimpin rakyat indonesia miskin,"['bosan', 'yg', 'pimpin', 'rakyat', 'indonesia', 'miskin']",netral
muliagumi,"Bagi bansos lagi, pasti anak bapak naik lagi namanya ğŸ¤£",bansos anak namanya,bansos anak nama,"['bansos', 'anak', 'nama']",netral
loksavarrambonk,"Jahat bgt, masa ciman 4 orang yg milih, padahal sdh rajin ibadah loh!ğŸ˜‚ğŸ˜‚ğŸ˜‚",jahat bgt ciman orang yg milih sdh rajin ibadah loh,jahat bgt ciman orang yg milih sdh rajin ibadah loh,"['jahat', 'bgt', 'ciman', 'orang', 'yg', 'milih', 'sdh', 'rajin', 'ibadah', 'loh']",netral
natha_permana,ğŸ‘ğŸ‘ğŸ‘,,,[],netral
zulkarnain_m.amin,Mantap Pak Anies ğŸ”¥,mantap anies,mantap anies,"['mantap', 'anies']",netral
beny_y33,Kok gak ada anak Fir'aun???,gak anak firaun,gak anak firaun,"['gak', 'anak', 'firaun']",netral
regust_indra,Ahok ğŸ”¥ğŸ”¥,ahok,ahok,['ahok'],netral
aribawaper,"Koh Ahok, aku padamu âœŠâœŠâœŠ.. Anies vs Ahok Jilid 2",koh ahok padamu anies vs ahok jilid,koh ahok pada anies vs ahok jilid,"['koh', 'ahok', 'pada', 'anies', 'vs', 'ahok', 'jilid']",netral
septiandwi92,"Pak Anies, Pak Ahok dan Pak Ridwan kamil aja. Udah ga usah bnyk2 calon nya",anies ahok ridwan kamil aja udah ga bnyk calon nya,anies ahok ridwan kamil aja udah ga bnyk calon nya,"['anies', 'ahok', 'ridwan', 'kamil', 'aja', 'udah', 'ga', 'bnyk', 'calon', 'nya']",netral
lani.tolani.77,Tenang2...yg baru dapat 1 persen...pertarungan belom di mulai..yg penting bansos siaga dulu..insya allah menang...semangatğŸ”¥ğŸ”¥,tenangyg persenpertarungan belom mulaiyg bansos siaga duluinsya allah menangsemangat,tenangyg persenpertarungan bom mulaiyg bansos siaga duluinsya allah menangsemangat,"['tenangyg', 'persenpertarungan', 'bom', 'mulaiyg', 'bansos', 'siaga', 'duluinsya', 'allah', 'menangsemangat']",netral
bayuprasetya31,Ahok ğŸ”¥,ahok,ahok,['ahok'],netral
medina_anastasya,Pak Ahol cocok sihhh,ahol cocok sihhh,ahol cocok sihhh,"['ahol', 'cocok', 'sihhh']",netral
balibikerun,Die lagi die lagi... ada yg lain gak ? ğŸ˜‚ğŸ¤£,die die yg gak,die die yg gak,"['die', 'die', 'yg', 'gak']",netral
tsanjaya_9,Anis Ahok =Is ok,anis ahok is ok,anis ahok is ok,"['anis', 'ahok', 'is', 'ok']",positif
hanshandoko93,Anies aja lah,anies aja,anies aja,"['anies', 'aja']",netral
revasabr,maaf ya bro sang  warga Jakarta masih lebih rasional dlm memilih calon pemimpin nya,maaf ya bro sang warga jakarta rasional dlm memilih calon pemimpin nya,maaf ya bro sang warga jakarta rasional dlm pilih calon pimpin nya,"['maaf', 'ya', 'bro', 'sang', 'warga', 'jakarta', 'rasional', 'dlm', 'pilih', 'calon', 'pimpin', 'nya']",netral
gie_wahid,Yang 1 % bisa menang didukung abuse of powrr,menang didukung abuse of powrr,menang dukung abuse of powrr,"['menang', 'dukung', 'abuse', 'of', 'powrr']",netral
rakarachelembull,Hoax kgk dah kalo wnbut lagiğŸ˜‚,hoax kgk dah kalo wnbut,hoax kgk dah kalo wnbut,"['hoax', 'kgk', 'dah', 'kalo', 'wnbut']",netral
nya_i2024,"nenek gw idup d jakarta uda dr taun 1969..gw d kalbar,klo gw tnya gub mana yg bagus dia cm jawab: SAMA AJA TAPI AHOK JAUH LEBIH BAGUS DRI AMIS ğŸ¤£ğŸ¤£",nenek gw idup d jakarta uda dr taun gw d kalbarklo gw tnya gub yg bagus cm aja ahok bagus dri amis,nenek gw idup d jakarta uda dr taun gw d kalbarklo gw tnya gub yg bagus cm aja ahok bagus dri amis,"['nenek', 'gw', 'idup', 'd', 'jakarta', 'uda', 'dr', 'taun', 'gw', 'd', 'kalbarklo', 'gw', 'tnya', 'gub', 'yg', 'bagus', 'cm', 'aja', 'ahok', 'bagus', 'dri', 'amis']",netral
krisnapdwa,masih ada yang milih heru ğŸ˜¹,milih heru,milih heru,"['milih', 'heru']",netral
mohamadarifin36,Siapapun gubernurnya yg penting bukan produk Mahkamah adik,gubernurnya yg produk mahkamah adik,gubernur yg produk mahkamah adik,"['gubernur', 'yg', 'produk', 'mahkamah', 'adik']",netral
rawrrn._,Ahok nomor 1ğŸ”¥ğŸ”¥ğŸ”¥,ahok nomor,ahok nomor,"['ahok', 'nomor']",netral
indranovoselicblues59,mulaiğŸ˜‚,,,[],netral
fellanug,Anies mgkn maunyacjadi gubernur IKN krn anies kan levelnya ibukota negara. Y udah jkt Ahok aja yg mimpin,anies mgkn maunyacjadi gubernur ikn krn anies levelnya ibukota negara y udah jkt ahok aja yg mimpin,anies mgkn maunyacjadi gubernur ikn krn anies level ibukota negara y udah jkt ahok aja yg mimpin,"['anies', 'mgkn', 'maunyacjadi', 'gubernur', 'ikn', 'krn', 'anies', 'level', 'ibukota', 'negara', 'y', 'udah', 'jkt', 'ahok', 'aja', 'yg', 'mimpin']",netral
affan.amiruddin,"Kaesang bisa menang kan ada bapak sama kakak sama MA, MK dll ğŸ˜‚. Bansos jalan, polisi bergerak, TNI bergerak. Nothing semua ğŸ¤£",kaesang menang kakak ma mk dll bansos jalan polisi bergerak tni bergerak nothing,kaesang menang kakak ma mk dll bansos jalan polisi gerak tni gerak nothing,"['kaesang', 'menang', 'kakak', 'ma', 'mk', 'dll', 'bansos', 'jalan', 'polisi', 'gerak', 'tni', 'gerak', 'nothing']",netral
erisrofiani,Ahokk,ahokk,ahokk,['ahokk'],netral
udinmandorr01,"Anis bikin patung bambu buang2 duit,",anis bikin patung bambu buang duit,anis bikin patung bambu buang duit,"['anis', 'bikin', 'patung', 'bambu', 'buang', 'duit']",netral
tonung26,kalau sampe anies ahok bersatu bakalan jadi duo maut sampe ke presiden wakil presiden gak bakal ada lawan ğŸ”¥,sampe anies ahok bersatu duo maut sampe presiden wakil presiden gak lawan,sampe anies ahok satu duo maut sampe presiden wakil presiden gak lawan,"['sampe', 'anies', 'ahok', 'satu', 'duo', 'maut', 'sampe', 'presiden', 'wakil', 'presiden', 'gak', 'lawan']",netral
azwarwirman,Lah itu tukang pisang kok cuma 1%....,tukang pisang,tukang pisang,"['tukang', 'pisang']",netral
marcianasetijawati,Coba respondennya partai kembang semua. Dijamin ketumnya elek-nya 100% ğŸ˜‚,coba respondennya partai kembang dijamin ketumnya eleknya,coba responden partai kembang jamin tum eleknya,"['coba', 'responden', 'partai', 'kembang', 'jamin', 'tum', 'eleknya']",netral
agusprast1212,Si bocil surveynya cuma 1% tapi kalau nyalon pasti menang deh,si bocil surveynya nyalon menang deh,si bocil surveynya nyalon menang deh,"['si', 'bocil', 'surveynya', 'nyalon', 'menang', 'deh']",netral
istiana_7,Ridwan Kamil aja,ridwan kamil aja,ridwan kamil aja,"['ridwan', 'kamil', 'aja']",netral
arifsetiadi_14,Anies terbaik,anies terbaik,anies baik,"['anies', 'baik']",netral
ketctard,Anies - Ahok udah paling bener,anies ahok udah bener,anies ahok udah bener,"['anies', 'ahok', 'udah', 'bener']",netral
hilda.halda,Pak Anis & bu Sri Mulyani aja gimana???,anis bu sri mulyani aja gimana,anis bu sri mulyani aja gimana,"['anis', 'bu', 'sri', 'mulyani', 'aja', 'gimana']",netral
arifin_estrada,Pasti ahoz lah,ahoz,ahoz,['ahoz'],netral
arifin_estrada,Ahokâ¤ï¸,ahok,ahok,['ahok'],netral
sugik_0807,mantep abah,mantep abah,mantep abah,"['mantep', 'abah']",netral
ikhamdan_,Orang yg dukung anis pasti dari keluarga atau orang asn karna takut sama kepemimpinan ahokğŸ”¥,orang yg dukung anis keluarga orang asn karna takut kepemimpinan ahok,orang yg dukung anis keluarga orang asn karna takut pimpin ahok,"['orang', 'yg', 'dukung', 'anis', 'keluarga', 'orang', 'asn', 'karna', 'takut', 'pimpin', 'ahok']",netral
tirosandi,yg penting kn seiman,yg kn seiman,yg kn iman,"['yg', 'kn', 'iman']",netral
murjimanto_assakha,Ud kasih ahok lah...warga bawah pasti merasakan dampak.baiknya,ud kasih ahok lahwarga merasakan dampakbaiknya,ud kasih ahok lahwarga rasa dampakbaiknya,"['ud', 'kasih', 'ahok', 'lahwarga', 'rasa', 'dampakbaiknya']",netral
rianaditiia,Ahokk lgi,ahokk lgi,ahokk lgi,"['ahokk', 'lgi']",netral
bagas_naufalw,"3 hebat pak anies, pak ahok dan pak ridwan kamil",hebat anies ahok ridwan kamil,hebat anies ahok ridwan kamil,"['hebat', 'anies', 'ahok', 'ridwan', 'kamil']",netral
putunembahpairin,Heru Budi ko ada,heru budi ko,heru budi ko,"['heru', 'budi', 'ko']",netral
triadi52,Tetap setia bersama pak anies ğŸ”¥ğŸ”¥ğŸ”¥,setia anies,setia anies,"['setia', 'anies']",netral
viequinnn,Semoga Bpk anies terpilih lagi karena Nasib kampung bayam ada ditangan next gubernur berikutnya ğŸ˜¢  ğŸ”¥  ğŸ”¥,semoga bpk anies terpilih nasib kampung bayam ditangan next gubernur,moga bpk anies pilih nasib kampung bayam tang next gubernur,"['moga', 'bpk', 'anies', 'pilih', 'nasib', 'kampung', 'bayam', 'tang', 'next', 'gubernur']",netral
suherliarmaya,Sang Pangeran yg digadang2 punya elektabilitas tinggi nyatanya cm 1%??? ğŸ¤£ğŸ¤£ğŸ¤£,sang pangeran yg digadang elektabilitas cm,sang pangeran yg gadang elektabilitas cm,"['sang', 'pangeran', 'yg', 'gadang', 'elektabilitas', 'cm']",netral
yunan_iskandar,"Si heru budi 1%, bukan katanya survey rakyat Jakarta puas sama heru budi ğŸ˜‚",si heru budi survey rakyat jakarta puas heru budi,si heru budi survey rakyat jakarta puas heru budi,"['si', 'heru', 'budi', 'survey', 'rakyat', 'jakarta', 'puas', 'heru', 'budi']",netral
andz.96,Kalo gw sih malu HBS nyapres gk kepilih trus nyagub lagi..ğŸ˜…,kalo gw sih malu hbs nyapres gk kepilih trus nyagub,kalo gw sih malu hbs nyapres gk pilih trus nyagub,"['kalo', 'gw', 'sih', 'malu', 'hbs', 'nyapres', 'gk', 'pilih', 'trus', 'nyagub']",netral
muh_turi,Anis vs ahok bakal turun nie imam mahdi dan malaikat jibril dan nenek tarwiyah jilid 2ğŸ˜‚ğŸ˜‚ğŸ˜‚,anis vs ahok turun nie imam mahdi malaikat jibril nenek tarwiyah jilid,anis vs ahok turun nie imam mahdi malaikat jibril nenek tarwiyah jilid,"['anis', 'vs', 'ahok', 'turun', 'nie', 'imam', 'mahdi', 'malaikat', 'jibril', 'nenek', 'tarwiyah', 'jilid']",netral
herman_efendi47,Anis go,anis go,anis go,"['anis', 'go']",netral
desilestariri,Tetap pak ahok â¤ï¸,ahok,ahok,['ahok'],netral
elhaqiem31,"Biar hemat biaya, uda Anies-Ahok aja, biar jakarta adem temtram ayem akur",biar hemat biaya uda aniesahok aja biar jakarta adem temtram ayem akur,biar hemat biaya uda aniesahok aja biar jakarta adem temtram ayem akur,"['biar', 'hemat', 'biaya', 'uda', 'aniesahok', 'aja', 'biar', 'jakarta', 'adem', 'temtram', 'ayem', 'akur']",netral
ardi.chemistry,Pak Anies & Bu Sri Mulyani,anies bu sri mulyani,anies bu sri mulyani,"['anies', 'bu', 'sri', 'mulyani']",netral
prassekoprasetyo,syahroni ga ada yağŸ¤£ğŸ¤£ğŸ¤£ğŸ¤£ğŸ¤£ğŸ¤£,syahroni ga ya,syahroni ga ya,"['syahroni', 'ga', 'ya']",netral
tigabels6,Pilih aja yg gak terpilih di situ ğŸ¤£ğŸ˜‚ğŸ˜‚ğŸ˜ğŸ”¥,pilih aja yg gak terpilih situ,pilih aja yg gak pilih situ,"['pilih', 'aja', 'yg', 'gak', 'pilih', 'situ']",netral
tigabels6,Yg jelas jangan lagi pilih anies apalagi ahok ğŸ”¥,yg pilih anies ahok,yg pilih anies ahok,"['yg', 'pilih', 'anies', 'ahok']",netral
halimah_lim20,"Gubernur pak Ahok,wakil pak Anis,kayanya mantap tuh",gubernur ahokwakil aniskayanya mantap tuh,gubernur ahokwakil aniskayanya mantap tuh,"['gubernur', 'ahokwakil', 'aniskayanya', 'mantap', 'tuh']",netral
salutmartua,Pasti menang Kang Emil neh ğŸ’¯%,menang kang emil neh,menang kang emil neh,"['menang', 'kang', 'emil', 'neh']",netral
kholiddido,"Cant find any PKS member yet, there is something wrong with this party. They win jakarta but cant pop up even a person yet.  Tapi bisa jadi ini menggambarkan seberapa kuat grass root nya dijakarta sih. Goks",cant find any pks member yet there is something wrong with this party they win jakarta but cant pop up even a person yet menggambarkan kuat grass root nya dijakarta sih goks,cant find any pks member yet there is something wrong with this party they win jakarta but cant pop up even a person yet gambar kuat grass root nya dijakarta sih goks,"['cant', 'find', 'any', 'pks', 'member', 'yet', 'there', 'is', 'something', 'wrong', 'with', 'this', 'party', 'they', 'win', 'jakarta', 'but', 'cant', 'pop', 'up', 'even', 'a', 'person', 'yet', 'gambar', 'kuat', 'grass', 'root', 'nya', 'dijakarta', 'sih', 'goks']",positif
prab_har,400 responden? mbok biasanya 1200an kan? kok ini cuman 400?,responden mbok an cuman,responden mbok an cuman,"['responden', 'mbok', 'an', 'cuman']",netral
dendy_ermawan,N44pp!!!,npp,npp,['npp'],netral
dermawan.iwan,Babah.... Siapin yg banyak,babah siapin yg,babah siapin yg,"['babah', 'siapin', 'yg']",netral
juhendri5834,Anies l,anies l,anies l,"['anies', 'l']",netral
kambing.jantan.etawa,"Hoax ini, harusnya kesang 78 persenğŸ˜‚ bahkan bisa 14000 triliun perseb",hoax kesang persen triliun perseb,hoax kesang persen triliun perseb,"['hoax', 'kesang', 'persen', 'triliun', 'perseb']",netral
_penuntutsurga,Yang 1% nanti berubah jadi 58% ğŸ‘ sim salabim jadi apa prok prok prok,berubah sim salabim prok prok prok,ubah sim salabim prok prok prok,"['ubah', 'sim', 'salabim', 'prok', 'prok', 'prok']",netral
zenidahlan,Pasti si doi yg menangğŸ¤£,si doi yg menang,si doi yg menang,"['si', 'doi', 'yg', 'menang']",netral
