"username","komentar"
"kompascom","KOREKSI: Dalam infografis tertulis â€œPeriode survei berlangsung pada 15-20 Juli 2024â€. Seharusnya ""Periode survei berlangsung pada 15-20 Juni 2024â€ Kami mohon maaf atas kekeliruan ini."
"noto.aries.3","Pdip dukung anies aja, agar bisa menang jadi sakit hati pilpres ke Jokowi bisa terobati ğŸ˜‚"
"fakta.jakarta","Kok respondennya cuma 400 orang min? ğŸ˜‚ Di akun kami polling 93 ribu respondennya hasilnya beda: .Anies 18%Ahok 41%Ridwan Kamil 27%"
"annie_anieeeee","Tetep Ahok â¤ï¸â¤ï¸â¤ï¸â¤ï¸ğŸ”¥ğŸ”¥ğŸ”¥ğŸ”¥ğŸ”¥"
"info___rumahbaru","ahok aja daripada si mANIES"
"hetihimawati","Anies Baswedan tetep yg bersinar"
"muhgamma","Ahok aja udah.. Lagian maren anies jadi gubernur kaga ada yg keurus.. Cuma dandanin Transjakarta aja 5 tahun.. Yg lain kaga kepegang..banjir apalagi"
"pewariswali54","Tumben Pak Anis tertinggi. Biasanya, dibikin rendah..ğŸ˜‚"
"wan_da104","Buat warga DKI kalau ingin hidup makmur , kotanya tertib teratur  ya pilih Anies"
"sugiihartono","Abah Anies Baswedan tetap di hati warga jakarta â¤ï¸"
"dedyzboen","Makin ancur jakarta kalo di pgg si mr yemen lagiğŸ˜­ğŸ˜­ğŸ˜­"
"hamdyaedhon99","Jakarta sekali lagi pak aniesğŸ”¥ğŸ”¥"
"aipkabayan","Dripada si kaesang mending ahok ajağŸ˜‚... Tapi ya ğŸ˜‚"
"maulanayandi_","Anies menyala . . .. ğŸ”¥ğŸ”¥"
"nezaplus","ANIES IS THE BEST ANIES IS NUMBER ONE"
"annie_anieeeee","Tetep Ahok â¤ï¸â¤ï¸â¤ï¸â¤ï¸ğŸ”¥ğŸ”¥ğŸ”¥ğŸ”¥ğŸ”¥"
"kurniawanikbal_","Gubernur pak Anies, wakilnya pak Ahok. Biar akur ğŸ™‚"
"hetihimawati","Anies Baswedan dilawanğŸ˜‚ğŸ˜‚ğŸ˜‚"
"nedikrahayu","Anies - Andika untuk Jakarta ğŸ‘ğŸ¼ğŸ‘ğŸ¼"
"celina_arabela_zahrani","Tetep pilih abah anies ğŸ˜ğŸ˜"
"galungpringgaa","Buat anyaman pakek bambu aja abisnya meliaran ğŸ¤£ğŸ¤£ğŸ¤£ğŸ¤£ sungguh prestasi yg membanggakan buat abah tercinta"
"rakha_ruslan","AniesğŸ”¥ğŸ”¥ğŸ”¥"
"eko.wawan.311","Kompas sering bnyk benernya"
"brans2497","Anies Rasyid Baswedan"
"akwamaltanjung","Abah Anies tetep menyala ğŸ”¥ğŸ”¥ğŸ”¥ğŸ”¥ğŸ”¥ğŸ”¥ğŸ”¥ğŸ”¥"
"yuli_toska","Pak Aniesâ¤ï¸â¤ï¸"
"prbwsmnt","Go abah anies"
"ela71mom","Huhuy keluarlah akun baru netes karna ada nama.pak Anies ğŸ˜‚ğŸ˜‚ğŸ˜‚"
"victor_arli","Mana Pak Komjenpol Dharma Porengkum???"
"likusuma","Modal ngomong kasar bisa posisi nomor dua ğŸ˜‚"
"kingbania_bayu.sentosa","Hanya Jokowi dan keturunan nya yang mampu memajukan Indo..."
"boim_blues","Ingat ini daerah jakarta ya buka seluruh Indonesia ğŸ˜‚ğŸ˜‚ğŸ˜‚"
"zhouyenn","Yang 1% tapi nanti pas maju jadi 51%, siapakah Dia? ğŸ™ˆ"
"frhn.ibd","AMAN-kan Jakarta ğŸ”¥"
"andy_taylor_joy","Hati2 hoax... KAESANG terbukti di cintai semua warga jakarta, di PRJ kelamren smua pengunjung antusias menyambut kaesang"
"ghozali.lalu","Bentar lagi Qodari bekerja,langsung Kaesang 60%...ğŸ¤£ğŸ¤£ğŸ¤£ğŸ¤£"
"sempakbolongukuran.23.27.28.32","Cuma 1 persen. Ngototnya bukan maen"
"fikrisekumpul","Gue yakin anies sihğŸ”¥"
"dara.3243","KNP anis yg paling atas bkn kaesang ,ini  Qodari Kang survei lupa naruh Kali yağŸ¤£ğŸ¤£ğŸ¤£ğŸ¤£"
"gracestedita","ahok sih"
"hadi_m_syahid","Anis vs Ahok jilid 2 keren nihğŸ”¥"
"adearqam","Tumben g pesenan statistiknya wkwk"
"a.sultanfatansyah","Istri jokowi siapa tau tertarik jadi Gubernur..."
"elaineellaedreena","Mending Ahok drpd Anies. Tp herannya knp si Anies tinggi begitu??"
"kenaricatering","Anis.ahok sdah umur cepat pikun..ganti yg muda biar jkt lebih maju dari IKN...KAESANG"
"minwirawan","Wah kalau bapak politik identitas menang lagi tuyul ancol muncul lagi dongğŸ˜‚"
"anjalola1112","Saya pengikut Jokowi bahkan sampai skrg. Tp please deh jgn Kaesang. Tu org gak punya pengalaman jadi petugas pemerintah.. Bapak dan anak blm tentu sama"
"sutomo3808","Anis aja biar pendukungnya terhibur ga tantrum lg ğŸ˜‚ ,, lagian kan jakarta bukan daerah istimewa lg"
"pecundangbulutangkis12","Kan klo Gubernur yang menang yang melantik Presiden, kan Presiden terpilih Prabowo yg di hina2 11/100 itu tebel muka apa gimana"
"hermanto_jkt","Tinggi Elaktibilitas tapi Rendah KinerjanyağŸ˜‚"
"riobelino","Gubernur JakartağŸ”¥ğŸ”¥ğŸ”¥ğŸ”¥ğŸ”¥"
"dot_dush","Capres lain klah pilpres tdk maju pilgub krna harga diri...ini ada capres kok mlah turun kasta nyagubğŸ˜‚ğŸ˜‚ğŸ˜‚ğŸ˜‚ğŸ˜‚"
"fachryfansuri","Udah Paling bener buat Jekardah itu yaa Ahok  ğŸ”¥ğŸ”¥"
"wahyupeewee","Sampe yg 1% menang sih, ah udah tau lah sudah ğŸ˜„"
"dermawan.iwan","Lawan yg paling potensial ya Ahook"
"820.ruddi","Kalo di ulang Pilgub Ahok vs Anies...bisa menang Ahok, asal jgn bawaÂ² agama..apalagi ayat dan mayat"
"aminnur10","Tumben kaesang 1%ğŸ˜‚"
"kaka.aya.reborn28","Kaesang - Aldi Taher boleh d coba"
"ristiawant14","Kaesang terlalu kepedeanğŸ˜‚ğŸ˜‚ğŸ˜‚ğŸ˜‚"
"andretrendy89","Itu Bocah Persentend nya kecil ya"
"andy_supriyadiii","Dua kandidat diatas emang keren.. kalo bisa akur pimpin Jakarta.. IKN LEWAAT DAAH..ğŸ˜‚ğŸ˜‚ğŸ˜‚"
"mamakeyvan","Ngapain urusin survey jakarta min...?? Kan bukan ibukota lg.. Warganya jg paling tutup mata milih anies... Warganya full rasional... ğŸ˜‚ğŸ˜‚ğŸ˜‚"
"heri_diedan","urutan no 6 masih aje ada yg milih ngarep BLT lg ya masih kurang makanğŸ˜‚"
"annie_anieeeee","Yg 1 % dapet dri mana ya belum pernah kerja ğŸ˜®ğŸ˜®ğŸ˜®ğŸ˜®"
"eelvyna","ITU YG 1 PERSEN MILIH SI PISANG MASIH WARAS KAH? ğŸ˜‚ğŸ˜‚ğŸ˜‚"
"oki.gunawan","Si paling gorong-gorong be like, ""Hold my bansos!"""
"m_rizky_pratama_almahbub","Kaesang ngapain bjir"
"priyadi.ir.mm","Kaesang, ketua partai, anak presiden. Hanya 1% ?? Jangan jangan lawan sandal jepit saja kakah ya"
"kennyjo2_","Buzzer 1% pada muncul ğŸ˜‚"
"edisaputrapdip333","El classico Anis vs Ahok"
"yohanes_nikijuluw","Ahok & Anis coba sekali kaliğŸ˜ğŸ˜"
"jonaykh","kalo versi survey si QODARI, pasti anak Mukidi yg pertamağŸ˜‚"
"yusuf.budiono","Kaesang kalo dah bagi2 bansos langsung meroketğŸ˜‚ğŸ˜‚"
"joenopoenya","Ahok sajalah.. dari pada turunan JKW yg plonga plongo"
"ferryfhonska","Njir yg paling bawahğŸ˜‚"
"nico_prasetyo_","Salah total itu surveynya...harusnya kaesang 58%"
"bintang.1190","Yg milih pisang masi aja ada 1% siapa ğŸ˜‚"
"tyastyas91","Biasane kalo berita ginian RT 58 baru pada kelihatan"
"agussryn24","Ini salah nih harusnya Kaesang 110%ğŸ˜‚"
"janisbetmen99","Kokoh!ğŸ”¥ğŸ”¥ğŸ”¥"
"alfredosrg_","Pak BTPğŸ™Œ"
"rifkyriyadioffcial98","GASS RIDWAN -AHOK 2024 MENANG SATU PUTARAN ğŸ”¥ğŸ”¥"
"boygesbadboy","Ahok dong"
"roffly24","lebih mundur lagi demokrasi Indonesia krn buat apa Parpol ada kader dan Anggota lalu malah parpol calonkan bukan kader dan anggotanya artinya buat kader dan anggota sbnrnya diapakan ama parpolnya sendiri? bahwa ternyata kegagalan parpol sendiri tidak bisa menghasilkan Pemimpin. klo begitu nda usah ada paprol ajah kan"
"bang__agil","Kaesang cocoknya jadi Gubernur VOC ğŸ™Œ"
"jacobarthur15","Berandai2 saja inimah, Pak Anies & Pak Ahok, walaupun mustahil tapi bakal keren banget kalo mereka berduetğŸ”¥ğŸ”¥"
"tiara_jk","Kok beda sama surveynya Qodari??...."
"nezaplus","ANAK INGUSAN YANG DISULAP  HANYA 1 PERSEN"
"putitinyourheart","Gak aneh klo pak anies tertinggi wong grass roots nya dibawah udah pada bergerak apalagi semenjak kebijakan herbud nyusahin"
"govizar_hermazi","Dharma Pongrekun DKI 1 ğŸ”¥ğŸŒŸ"
"ikhwalputra2","Lho.. Ini benar surveinya?!?, koq si anak ada di bawah?"
"atens13","Yang bisa dekat dengan semua kalangan, atas bawah ulama tokoh sepertinya yang pas siapa yaa"
"rianngh","Yg 1% yang menang ğŸ˜‚ğŸ˜‚ğŸ˜‚"
"julian_prahasta","Kabahh siap menggoncang dki ğŸ˜‚ğŸ˜‚ğŸ˜‚"
"andhika.ap","Pangarep ğŸ˜‚"
"pa3s2.5","Paling tar lagi Kaesang nyalip ğŸ˜‚"
"muh.sofwan_hadi","Anak RAJA KONOHA 1%ğŸ˜‚ğŸ˜‚ğŸ˜‚"
"pantaiselatanloft2","Ada yg milih kaesang?ğŸ˜‚ğŸ˜‚ğŸ˜‚"
"jowo.guyon_","Kalo ada kaesang pasti diurutan pertama ni"
"yongki4595","Haji Bolot & bang Malih"
"andry.julius","widihh"
"istikasariae_h3ru","Pokok pilih aja yg bisa nurunin pajakğŸ˜‚. Wkwkwk"
"riefky.alfarifki","ğ™¼ğšŠğš—ğšğšŠğšğšğš ğŸ˜"
"guchateu","Cukup tau ajağŸ˜‚"
"asnawi_hutabarat","Kaesang cuma 1% ğŸ˜­ğŸ˜­"
"achmaderza","Ka seang sih 58%"
"ruhiyatprayoga","See..."
"riohtapea","Bebas siapa aja. Asal jgn si tukang pisang bangkrut"
"rhyo88","Anjir 1 persen"
"haji.toriqqqq","giliran anis diatas pada percaya ğŸ˜‚ğŸ˜‚ğŸ˜‚"
"jeffpapilaya","Seru nih...."
"toufikbaelah","Siapa ajalah asal jgn kaesang"
"cae.che","kaesang idolaque"
"jeklin_76","jika benar Ahok vs Anies nyalon lagi,apakah akan ada lg masa 212 jilid 2,atau 234 macem dji sam soeğŸ˜‚ğŸ˜‚"
"yayo.ism","Coba survey qodari, kaesang No.1 diikuti anak zulhas.."
"ela71mom","Msh aja akun blm mup on bahas Ahok kalahğŸ˜‚ğŸ˜‚ğŸ˜‚ğŸ˜‚ğŸ˜‚"
"lindatokugawa_","Bismillah Abah menang lagi"
"auliaarezki","Srimul jd cagub? Waaah sprtinya... ğŸ˜‚"
"radensingawijaya","Kolaborasi koalisi PDIP,PKB,PKS ,PPPAnies-AhokAA OKE"
"denny_e_putra","Biarin Ahok lg aja yg mimpin dah"
"m.rahman1217","Maunya KAESANG"
"ruri_personal","DHARMA PONGREKUN ğŸ™ŒğŸ™ŒğŸ™Œ"
"poik1985","Bukan  mendapat 7% ...tp kenapa ketumnya cuma dapat 1% .....kayanya ada yang salah niih ? ğŸ˜‚"
"effanzulfiqar","Lho bukan Kaesang yg katanya sangking tingginya elektabiitas sampai bingung milih ikut Pilkada di Jakarta apa Jateng"
"arsyah_007","Kalo gw mendingan RK aja krn dia jelas ahli tata kota handal dan gak sering bikin gaduh."
"jovie_rjp","Numpang tanya yg milih heru siapa ya?? ğŸ˜¢"
"wiga_dp","Heru ada yg milih? Ga mungkin. Pasti paksaan"
"krriiss28","Dalam darah anies baswedan mengalir darah p.demokrasi indonesia perjuangan sejatiğŸ‚ğŸ”¥ğŸ¤­"
"naff_eko","Dan anies b tidak membayar survey manapun"
"dadan.darmawann16","AhooookkkÄ·k"
"surya_yogaswara","AB&BTPğŸ”¥ğŸ”¥ğŸ”¥"
"medv.edev385","Ga yakin.."
"helloadam99","ORANG KAMPUNG PILIH ANIES"
"betalagi1002","Sekelas mantan Panglima, mensos cuma 1%, sama dgn Kaesang ğŸ˜‚ğŸ˜‚ğŸ˜‚ğŸ˜‚"
"yefri.as_p","Karung Goni mana ğŸ˜‚"
"riswadi_salam","Sya pilih heru budi untuk kemajuan jakartağŸ˜‚"
"dee_sasta","Pak ErickğŸ”¥ğŸ”¥ğŸ”¥ğŸ‘ğŸ‘"
"mandaladewa1989","Waduh jangan ahok lagi bosen lihat demo berjilid jilid lagiğŸ˜¢"
"mangworkout26","Anies vs Ahok atau Duet Ahok - Anies ? hahaja"
"eric.ef10","Anies - Ahok ğŸ”¥"
"mariuslastyono","Peroode survey 15 sd 20 juli 2024?"
"alx_asg","ğŸ˜‚ğŸ˜‚ğŸ˜‚ğŸ˜‚ wan Abud bisa rangking satu? ğŸ˜‚ Lawak nih."
"agg_widyani","gue pilih ahok dan heru"
"__maolana","Cek jejak rekam bos jgn katanya"
"dealovarsy","Menurutku, Pak ahok better maju as gubernur sumut, gagalin tuh dinasti yg mau dibangun disana"
"ardhitya_sw","RK + AHOK Gacor sih... ğŸ˜‚"
"fitriyahfebsalsa09","Smpe kaesang yg menang. Bner bner dah"
"utchup_levy","Ti mentri aktip lumpat ka pilkada, konsepna kumaha eta nya ğŸ˜‚ğŸ˜‚ğŸ˜‚"
"mahfudst","Perasaan ada yg prnah bilang klo Kaesang surveinya tinggi di Ibu Kota."
"ig.2017","pantes aja carut marut"
"ardhitya_sw","Itu abang Kaesang Nyalonin aja Ntar hasilnya jadi dpt 58,2% Suara... Percaya dahğŸ˜‚"
"rafraj_00","Kalau sekarang kira2 anak abah percaya surveikah? Soalnya pas pilpres kemarinkan pada ga percaya survei. ğŸ˜‚ğŸ˜‚ğŸ˜‚"
"notforfun24","Ahok terbaik . Anies gak bisa kerja . Cuman omon omon omon ğŸ˜‚ğŸ˜‚ğŸ˜‚."
"rahmanineti","Nah ini survey beneran"
"zulhan_zain","Anaknya ketua PAN kok tdk ada dalam daftar ğŸ˜‚"
"chuntan46","Ahok BTP ğŸ”¥â¤ï¸"
"zoel_azham02","Menurut mahfud md yg saat itu jd kemenhumkam,ahok sudah tdk bisa lg jd pejabat negara"
"vicky_ats","Tak gendong kmana mana tak gendong kmana mana"
"putuwahyudi75","ğŸ˜‚ğŸ˜‚ğŸ˜‚makin banyak gorong gorongnya"
"amsal_sumarlin","Ini kumparan ma Buzzer anies dari Pilpers ma emang.  Yakin beliau bs naik"
"ndankcr7","Sekarang aja bru tgl 16 juli ğŸ—¿"
"info.pusat.jogja","Meskipun anak ksayangan negara 1% ujungnya juga bakal menang kok bisa diatur mah itu."
"alwntfk","Anak presiden gatau malu"
"valiant.holy","dukung"
"daffa_channel46","Pak anies ğŸ”¥ğŸ”¥ğŸ”¥ğŸ‘ğŸ‘ğŸ‘"
"dikkyhrdn","ternyata cuman se level gub ğŸ‘"
"yayansaputra26","Abah Anies bismillah ğŸ”¥"
"zahidakmal_94","ğŸ˜"
"edi_su6357","Si ğŸ¸ğŸ¸ğŸ¸ cuma 1%ğŸ˜‚ğŸ˜‚ğŸ˜‚"
"cakrochim","Anies-Ahok jadi satu keren kali yağŸ˜"
"m_rizky_pratama_almahbub","Plis lah terserah mau ahok atau anis, maju di jabar ajağŸ˜¢"
"wali_sukma_abadi","Udah paling bener -- Rematch aja anies- ahok..ğŸ”¥ğŸ”¥ğŸ”¥"
"zaputpoen","yukk pak anis maju lg... kalo kalah kan msh bisa nyalon kadesğŸ˜‚"
"diditcempaka","Hanya 400 responden .....yang layak di adu tanding Anis dan Ahok ....ke dua nya sekarang antitesa Jokowi"
"azis_muslim.30","Yakin itu anak pak de mau nyalonin sama babah alun? 1%"
"eventsob","Ahok - Andika : gimana ?"
"jhosseph_v","AHOK Yezzz"
"atlas098","Anies yes..fr sunter.."
"margaretha.52","Anies lah"
"andi_apachun","Kompas tandain ya.masa anak bungsu presiden cuma 1%."
"vujidharmawan","Ahok tapi mau coba di medan"
"atlas098","Anies yes..fr sunter.."
"derbudi","Selera warga Jakarta"
"ongenih","Heru gimna heru"
"munjaina","Abah mantap"
"fariz_rizki13","Itu yg 1% paling bawah lu ye jon  ğŸ˜‚ğŸ˜‚"
"cvdesain.id","Ridwan kamil bagus sih. Tapi yang lain aja juga gapapa ğŸ”¥"
"ra6naroc","Hebat jg Kaesang bisa nyamain org2 hebat"
"lebanty19","Realistis"
"lord_andra09","Pelan-pelan ko'  ğŸƒğŸš©â­ğŸ¤ŸğŸ»ğŸ”¥"
"dikirahman01","Hahaha"
"setiajit9","Rasanya rakyat sdh bosan dg benturan saling menjelekkan di era demokrasi yg bebas bersuara, kayaknya ada pengajian ada kebaktian yg dibahas sdh perkelahian, shg pilpres pileg baru usai ada perpecahan lg di Pilkada, lama2 bs berantakan negara ini, semoga tidak demikian, ini krn cinta sy kepada Bangsa dan Negara RI,"
"d_conan45","Anies Baswedan - Ahok â¤ï¸"
"petrusta","Anis vs ahok aja tapi ga pake isu agama dan ras. Tanpa paksaan bener bener hati nurani. Bisa ga kira2"
"agnwboo","Plis, Anies - Ahok"
"cebonglite","Jadi inget pas pilpres kemaren Anies kagak percaya survey Litbang kompas...ğŸ˜‚ğŸ˜‚ğŸ˜‚ğŸ˜‚"
"hendra_hutauruk15","kalo udh ahok turun, bisa jadi 68%"
"asepsuhendar963","Yg warga jakarta ngacung ğŸ˜‚"
"jos_agunghb","Ahok - ridwan.... josss ğŸ˜"
"dwia856","ğŸ˜‚ğŸ˜‚"
"chemetery_gates","Orang2nya circle nya itu2 aja....kaga ada apa calon dari kalangan marjinal"
"hldmarz","Itu siapa dah yg vote milih heru budi? ğŸ˜‚"
"rcardo_603l703m","Gubernurnya Ridwan kamil wakilnya Basuki cahaya purnama cocok gak?"
"putra.aminaya","1.Anies - Ahok 2.Anies - Andhika ğŸ”¥ğŸ”¥ğŸ”¥ğŸ”¥ğŸ”¥"
"geyisiagian","AHOKK"
"pjooo__","ahokğŸ”¥"
"joki11642","Semoga Tuhan ijinkan Ahok jadi gubernur.....wakilnya  pak Jonas...ğŸ‘"
"jilkinamarah","Gw sih ahok"
"arsidsugiantoro","Semoga jakarta mendapatkan gubernur yg baik bagus n amanahğŸ˜ŠğŸ¤²"
"si_bogar","Ahok dong..., terbukti tegas....ğŸ‘ Cuma dlu kejebak ayat, yg digoreng trs oleh kubu sebelah...."
"yayat4476","Kaesang Pangarep."
"yayat4476","Jendral TNI Andika perkasa"
"simbolon.mawardi","â¤ï¸â¤ï¸"
"febrihxnx","Bismillah pak anies â¤ï¸"
"marz_volta","Padahal mending kaesang biar bisa rasakan cacimaki warga jkt ğŸ˜‚"
"ibnusetiawan85","Pilkada msh jauh perhitungan suarağŸ˜‚ğŸ˜‚ğŸ˜‚ğŸ˜‚"
"rifky.abdulaziz","RK lebih tinggi dari KP ko malah golkar ngusung KP"
"tedot94","Ahok bagus, anies jg gpp... ğŸ”¥"
"rifky.abdulaziz","AB & BTP pasti jakarta lebih baikğŸ”¥ğŸ”¥ğŸ”¥ğŸ”¥ğŸ”¥ğŸ”¥"
"giwong_sniper","Saya pilih anies baswedan"
"satriokonthit","Anies bagus di survey,pas pemiihan kalah,bisa  gak ya kaak gitu"
"andrea_claire118","Ahok lah"
"izzuddin_assulthan","ada yang milih Heru Budi?"
"katarina_sozovka","pak Anies untuk Jakarta selamanya ğŸ˜ğŸ˜ğŸ˜ğŸ˜ğŸ˜"
"ron.indarto","Ahok vs Anies dah paling seru ğŸ”¥ğŸ”¥ğŸ”¥"
"kusnadiputera_fjr02","Aku berharap pak anies pimpin jakarta lagiğŸ”¥ğŸ˜"
"indonesia_maju.2024","Masih heran ,kenapa bnyk yg milih anis sih"
"yeels_18","Dah ngk usah poling langsung lantik aja lah dah kebaca jg nt ujung ujungnya siapa ğŸ˜‚ğŸ˜‚ğŸ˜‚"
"yudimic","Udahlah biar Pak  dan Pak   aja, biar sekali-kali ngerasin kalah sang Raja itu.. Jateng juga pasang yang kuat, jgn sampe kerajaan itu lah.. Dukung 100% ini met"
"abdulkhairibnufaridi4","Akun baru netes pada ribut kagak karuan krn nama pak Anies tinggiğŸ˜‚"
"pranindito_gadies","Anis jendral andikağŸ”¥"
"rafialif007","Semangat pak heru... ğŸ˜‚"
"kifli_ritawati_96","Jelas Pak Anis yang Lebih banyak PrestasinyağŸ¥°ğŸ™"
"murdiono_ali","Kasihan deh pribumi Betawi cuma jadi penonton yang terpinggirkan ğŸ˜¥ğŸ˜¥ğŸ˜¥"
"jen13_lin","ah surve yg lain anak pak lurah no 1 ğŸ˜‚"
"iam_gavins","Dan kalian masih Percaya sama Wan Abud.. Tukang Obat..?ğŸ˜ƒğŸ˜„"
"aigoo_watashi","Berkat ketidakbecusan Heru sekaligus terlalu manut sama Jokowi, warga Jakarta mengalami CLBK. Cinta Lama Bersemi Kembali."
"elyselys651","Duet ANIES-ANDIKA kereen nih!"
"achmadsan88","Bagus kayaknya Kaesang - Heru budi berpasangan ... biar makin lawak negeri iniğŸ˜‚"
"adi_susanto362","Mau siapapun gub dki, yaa tetap gituÂ² aja. Macet banjir, kws kumuh, pkl, itulah penyakit gak bisa sembuhÂ²ğŸ‘ğŸ‘"
"szsz5g","JELAS, CERDAS ,BERKOMPETEN ,"
"aribopel","Dan pemenangnya adalah bapak kaesang ğŸ˜‚"
"perkakasjaya","Anak abah. Bilng ini survei bayaran gak yaahğŸ˜‚ğŸ˜‚ğŸ˜‚ğŸ˜‚ğŸ˜‚ğŸ˜‚ğŸ˜‚ğŸ˜‚ğŸ˜‚ğŸ˜‚"
"difanugrah","Aku"
"lauren_prima","Ayo maju lagi Ahok dan Anies, biar bertarung ulang. Tapi jgn pake politisasi agama, bertarung kualitas dan program kerja saja."
"yanto.soewarna","Sy pilih Zita Anjani anaknya Ketum PAN Zulkifly Hassan"
"m_jamieal","Jgn ahok deh, gede bacot doang"
"modric_cool2","bjiiiirr si anis turun kasta lagiğŸ”¥"
"arif_100293","Realistis"
"kiosaka_frozenfood","josss BTP"
"utssgood","Dah lah.. damaikan anies ahok demi lawan dinasti pisang.."
"aldeeomeen","Zakat aja 2,5%ğŸ˜‚"
"tamasl05","Ahok yg sdh turun panggung saja masih bisa 20%, tinggal dipoles lagi pasti moncer"
"asterrn_","Mas Heru kok paling bawah"
"gregorius.geli","Ahok"
"insight.pras5758","ğŸ˜‚ğŸ˜‚ğŸ˜‚ğŸ˜‚ paling bahagia kaum 17%"
"gregorius.geli","Ahok aja,, biar beresin semua kekacauan di jakarta..."
"dul22577","Menyala abahku"
"ayutiasih","Takutnya survei gini menang, pas memilihan kalah, tantrum lg... Jangan lah diPHP kasian pendukungnya..."
"djokovic_bone","DkJ butuh muka baru ,orang baru bukan orang lama di kemas baru ....belangnya yg lama dah tau lah"
"swyudha","Goreng terus Kompas !!!!"
"warno_59","Kasian Kaesang kurang peminat, kenapa ya ????"
"herry.nurdiansyah87","Haji Bolot (Gubernur), Malih TongTong (Wakil) ini aja udeh ğŸ˜‚"
"javar_sadeq","Ridwan kamil & pak ahok mantab"
"handayaniwoke","Ahokkkk"
"sigasigi","Heru mah 0,1 min jgn di gede""in"
"sucipto.tjauw","Ahok kaesang SUDAH PALING BENAR"
"agung.kharisma.948","Anies dunk"
"deesisem","Ahok-AniesğŸ™‚"
"dhelapantujuh_____","Sri mulyani udah cocok jdi menkeuğŸ˜¢"
"rizaldisyamsir","Bu  jadi Cagub di Jawa Tengah aja. Kemungkinan elektabikitasnya tinggi"
"bimoadityaa","BTP Untuk perubahan Jkt"
"banananaofficialy","Emang ada partai yang berani ngusung pak Anis duet sama pak Ahok? Kalau ada yang berani bisa susah ngelawan.nya.."
"yanpurwandi","400 responden doang. Coba yg respondennya wrga jkt"
"resall_18","Bujug tumben itu gacoan gue paling atas,biasanye dibikin paling bawah."
"jefry_arsyavin","Juaranya tetep Mas KaesangğŸ‘"
"red_xxlin","Masing2 sudah pernah menjabat, rakyat Jakarta sudah tahu mana yg punya kapabilitas, kredibilitas dan kompetensi. Mana yg bikin perubahan ke arah yg benar dan tepat"
"aidafaig","Ridwan Kamil atau gak Ahok aja lah ya Allah gubernur Jkt. At least lebih nyata kerjanya"
"_nubaqi_","Kaesang ngapain coekğŸ—¿"
"artdiputro","Kalau versi LSI?"
"affan_a.d","Paling bener memang pak anis trus wakil nya ahokğŸ‘ğŸ‘ğŸ˜‚"
"abayjuro","Ada ada aja kelakuan orang yang kalo markir motornya  ngga diruang tamu, trus standar nya harus di alasin kain atau kardus"
"donal79","gak minat..."
"ariefprasetia","ğŸ˜‚ğŸ˜‚ğŸ˜‚"
"hasan_asyari1","Pak Heru Budi masih ada? ğŸ˜‚"
"ilyaswkoerniawan","kaget, si bungsu masih dibawah, padahal...harusnya teratas,..mana survey qodori.."
"opa_jimm","ğŸ˜‚ğŸ˜‚ğŸ˜‚ğŸ˜‚ğŸ˜‚ ketawain aja,"
"adirvan_ongorsbunny","Pak Anis dan Pak Ahok dipasangin aja biar akurğŸ‘ğŸ‘"
"jparwant7","ABS, asal bukan sologiensis"
"parsib67",""
"hairul_farr","Mana nih kaesang kok gk ada"
"kamilakebelet","Msh ada 1 persen ya yg milih bapak ituh?"
"ayip1728","Ahok - Sri Mulyani"
"azwadiahmad4","Goodbener Pak Aniesâ¤ï¸"
"steve_hp_wj","Ahok ğŸ”¥ğŸ”¥ğŸ”¥"
"cikalaulia0405","Gk ada nama kreji ric"
"l40d3nti","1%"
"rfs_sinaga","Kalah capres .eehhh nyalon lagi..apa namanya ini.. prop kembang,gak ada yg Laen bermutuğŸ˜‚ğŸ˜‚"
"jaransun_","Colek kang"
"pari_ban_cibubur","Masalah nya nanti banyak pemilih gelap atau kampanye jorjoran yg bikin nomor tengah atau buntut juara, contohnya makan siang gratis gitu"
"pakdeto7171","Tolong diduetkan Ahok Sri Mulyani... Wan sbut ga akan dapet panggung di Nusantara ini"
"pari_ban_cibubur","Udah pasangkan aja anis ahok maju lewat pdip toh dulu yg bawa anis aja udah bersebrangan kan. Brarti bukan anis kemarin yg bawa isu sara tapi pendukungnya dan partai pendukungnya yaitu gerindra"
"maryanto232","Kalau gubernur yg lalu berhasil meniadakan banjir maka tentunya sampai sekarang tdk ada banjir. Sehingga gubernur selanjutnya akan menangani yg lain"
"andy_jojo48","seandainya ""Komeng"" ada pasti w LBH milih beliau....yg kepilih bener2 dr rakyat...yg tidak pernah ""menjatuhkan...omongnny konsisten..TDK memecah belah ....bukan budak partai....yah gitu lahğŸ˜‚"
"aomine_evo","Semangat Warga Jakarta. ğŸ‘"
"rwikuwibowo","Asikkk pak Anies terpilih lagi jadi gubernur versi survey kompasğŸ‘ğŸ‘ğŸ‘"
"asep_atib_al123","Yaudahh biar adilll Pak Anies jadi Gubernur nya,pak Ahok jadi wakil nyağŸ‘"
"pajak_inpres_kosmetik_kutacane","Jakarta anda parah! ğŸ˜‚ğŸ˜‚ğŸ˜‚"
"juriantovanpersie10","Ahokkk aja"
"andy_wijay4","Asekk ada lahan buat mkn nasi bungkus ini buzzer gorong gorong ğŸ˜‚"
"angginurul_","Pak anies ma pak ahok cocok bgt"
"ani_d.rusmiyani","Pak Ahok aja"
"issyudhie","Ga menjamin...."
"kumiko972","AHOK ğŸ”¥ğŸ”¥ğŸ”¥"
"ichio_","Tukang palak pajak ngapain disitu?"
"nuky_ars","ABAH : Anies - Basuki Tjahya Purnama.  duet Bomber nihh"
"nuky_ars","ABAH : Anies Baswedan - AHok ğŸ”¥"
"henricusjsw","Tunggu aja besok jg lembaga survey lgsg berubah. Yg 1% pasti berubah ğŸ˜‚ğŸ˜‚ğŸ˜‚"
"purbasari.ayu","Ntar niy versiny si qodari beda....ğŸ˜‚ğŸ˜‚ğŸ˜‚ğŸ˜‚"
"tooon93","AnisğŸ˜ tetap anisğŸ˜"
"gnkplt28","erick2 ğŸ˜‚"
"sitorus_ucok90","pak ahok ke sumut please.."
"amrighiffari12","Tumben anak presiden survey nya kecil"
"christian_sidarta","Serius nanya emang bener kalau mantan gubernur tidak bisa mencalonkan sebagai wakil?"
"warshaka","Sekarang pendukung Anies percaya hasil survei?"
"great_aset_property_rian","Hati2 di tikungan ada Kabah,langsung naikğŸ˜ğŸ¤£"
"olgakoswanurfandianka","Pak Ahok ayo gas lagi bapak. ğŸ™ŒğŸ”¥ğŸ‘ğŸ˜"
"rayhan.rauf","PDI punya kader terbaik ahok aja jkrta 1 ngapain incer jkrta 2"
"kiki_jpg","Hara tenang harap tenang ğŸ˜‚"
"aldo.s.jr97","Idih amit2 klo si omon2"
"syarifromdhoni","udah give up aja, daripada ngabisin duit buat lawan orang yg pasti menang"
"shinta.rs_","Heru udah ga tertolong"
"arief.ramadhan721","Coba dong anies di jawa barat apa elektabilitasnya bisa ngalahin RKğŸ˜‚"
"danielvergasmoon01","Abah we love uğŸ”¥"
"andrechristopher27","Waktu itu katanya ada survei yg bilang tingkat kepuasan terhadap Pj Heru tinggiâ€¦.lha kok paling bontot ? ğŸ˜‚ğŸ˜‚ğŸ˜‚"
"adelia_kputri","Putra Bungsu Raja Konoha gak laku kalo di Kota. Secara umum pemilih cerdas, dan juga ga ada KadesÂ² yg bs dikonsolidasikan."
"zainalarief53","Tetap 1% dong ğŸ˜‚ğŸ”¥"
"iyee_ol","Kok anak muda paling berprestasi   ga masuk ? Jgn sampe bapaknya nyuruh KPK obrak abrik kompas."
"aagadgetcomp","Pak dharma dong nomer 1"
"syahputra15._","Kadrun tumben percaya survey ğŸ˜‚"
"christopher_dwiandana","Ridwan kamil ahok oye, no simbah yaman"
"ibnufajri11","Akun ini dr jman capress lbh ke aniss... ğŸ”¥"
"jefrie_dj","Klo gitu relakan saja jakarta...toh bkn ibukota lagi..kita tinggal pantau bencana ke depanğŸ˜‚"
"bangbazoeri","Tumben Kaesang 1% biasanya klo lembaga survey keluarga solo selalu bagusğŸ¤£"
"agam.sofyanto99","Bosan , siapapun yg jadi pemimpin, rakyat Indonesia tetap miskin"
"muliagumi","Bagi bansos lagi, pasti anak bapak naik lagi namanya ğŸ¤£"
"loksavarrambonk","Jahat bgt, masa ciman 4 orang yg milih, padahal sdh rajin ibadah loh!ğŸ˜‚ğŸ˜‚ğŸ˜‚"
"natha_permana","ğŸ‘ğŸ‘ğŸ‘"
"zulkarnain_m.amin","Mantap Pak Anies ğŸ”¥"
"beny_y33","Kok gak ada anak Fir'aun???"
"regust_indra","Ahok ğŸ”¥ğŸ”¥"
"aribawaper","Koh Ahok, aku padamu âœŠâœŠâœŠ.. Anies vs Ahok Jilid 2"
"armandarief18",""
"septiandwi92","Pak Anies, Pak Ahok dan Pak Ridwan kamil aja. Udah ga usah bnyk2 calon nya"
"lani.tolani.77","Tenang2...yg baru dapat 1 persen...pertarungan belom di mulai..yg penting bansos siaga dulu..insya allah menang...semangatğŸ”¥ğŸ”¥"
"bayuprasetya31","Ahok ğŸ”¥"
"medina_anastasya","Pak Ahol cocok sihhh"
"balibikerun","Die lagi die lagi... ada yg lain gak ? ğŸ˜‚ğŸ¤£"
"tsanjaya_9","Anis Ahok =Is ok"
"hanshandoko93","Anies aja lah"
"revasabr","maaf ya bro sang  warga Jakarta masih lebih rasional dlm memilih calon pemimpin nya"
"gie_wahid","Yang 1 % bisa menang didukung abuse of powrr"
"rakarachelembull","Hoax kgk dah kalo wnbut lagiğŸ˜‚"
"nya_i2024","nenek gw idup d jakarta uda dr taun 1969..gw d kalbar,klo gw tnya gub mana yg bagus dia cm jawab: SAMA AJA TAPI AHOK JAUH LEBIH BAGUS DRI AMIS ğŸ¤£ğŸ¤£"
"krisnapdwa","masih ada yang milih heru ğŸ˜¹"
"mohamadarifin36","Siapapun gubernurnya yg penting bukan produk Mahkamah adik"
"rawrrn._","Ahok nomor 1ğŸ”¥ğŸ”¥ğŸ”¥"
"indranovoselicblues59","mulaiğŸ˜‚"
"fellanug","Anies mgkn maunyacjadi gubernur IKN krn anies kan levelnya ibukota negara. Y udah jkt Ahok aja yg mimpin"
"affan.amiruddin","Kaesang bisa menang kan ada bapak sama kakak sama MA, MK dll ğŸ˜‚. Bansos jalan, polisi bergerak, TNI bergerak. Nothing semua ğŸ¤£"
"erisrofiani","Ahokk"
"udinmandorr01","Anis bikin patung bambu buang2 duit,"
"tonung26","kalau sampe anies ahok bersatu bakalan jadi duo maut sampe ke presiden wakil presiden gak bakal ada lawan ğŸ”¥"
"azwarwirman","Lah itu tukang pisang kok cuma 1%...."
"marcianasetijawati","Coba respondennya partai kembang semua. Dijamin ketumnya elek-nya 100% ğŸ˜‚"
"agusprast1212","Si bocil surveynya cuma 1% tapi kalau nyalon pasti menang deh"
"istiana_7","Ridwan Kamil aja"
"arifsetiadi_14","Anies terbaik"
"ketctard","Anies - Ahok udah paling bener"
"hilda.halda","Pak Anis & bu Sri Mulyani aja gimana???"
"arifin_estrada","Pasti ahoz lah"
"arifin_estrada","Ahokâ¤ï¸"
"sugik_0807","mantep abah"
"ikhamdan_","Orang yg dukung anis pasti dari keluarga atau orang asn karna takut sama kepemimpinan ahokğŸ”¥"
"tirosandi","yg penting kn seiman"
"murjimanto_assakha","Ud kasih ahok lah...warga bawah pasti merasakan dampak.baiknya"
"rianaditiia","Ahokk lgi"
"bagas_naufalw","3 hebat pak anies, pak ahok dan pak ridwan kamil"
"putunembahpairin","Heru Budi ko ada"
"triadi52","Tetap setia bersama pak anies ğŸ”¥ğŸ”¥ğŸ”¥"
"viequinnn","Semoga Bpk anies terpilih lagi karena Nasib kampung bayam ada ditangan next gubernur berikutnya ğŸ˜¢  ğŸ”¥  ğŸ”¥"
"suherliarmaya","Sang Pangeran yg digadang2 punya elektabilitas tinggi nyatanya cm 1%??? ğŸ¤£ğŸ¤£ğŸ¤£"
"yunan_iskandar","Si heru budi 1%, bukan katanya survey rakyat Jakarta puas sama heru budi ğŸ˜‚"
"andz.96","Kalo gw sih malu HBS nyapres gk kepilih trus nyagub lagi..ğŸ˜…"
"muh_turi","Anis vs ahok bakal turun nie imam mahdi dan malaikat jibril dan nenek tarwiyah jilid 2ğŸ˜‚ğŸ˜‚ğŸ˜‚"
"herman_efendi47","Anis go"
"desilestariri","Tetap pak ahok â¤ï¸"
"elhaqiem31","Biar hemat biaya, uda Anies-Ahok aja, biar jakarta adem temtram ayem akur"
"ardi.chemistry","Pak Anies & Bu Sri Mulyani"
"prassekoprasetyo","syahroni ga ada yağŸ¤£ğŸ¤£ğŸ¤£ğŸ¤£ğŸ¤£ğŸ¤£"
"tigabels6","Pilih aja yg gak terpilih di situ ğŸ¤£ğŸ˜‚ğŸ˜‚ğŸ˜ğŸ”¥"
"tigabels6","Yg jelas jangan lagi pilih anies apalagi ahok ğŸ”¥"
"halimah_lim20","Gubernur pak Ahok,wakil pak Anis,kayanya mantap tuh"
"salutmartua","Pasti menang Kang Emil neh ğŸ’¯%"
"kholiddido","Cant find any PKS member yet, there is something wrong with this party. They win jakarta but cant pop up even a person yet.  Tapi bisa jadi ini menggambarkan seberapa kuat grass root nya dijakarta sih. Goks"
"prab_har","400 responden? mbok biasanya 1200an kan? kok ini cuman 400?"
"dendy_ermawan","N44pp!!!"
"dermawan.iwan","Babah.... Siapin yg banyak"
"juhendri5834","Anies l"
"kambing.jantan.etawa","Hoax ini, harusnya kesang 78 persenğŸ˜‚ bahkan bisa 14000 triliun perseb"
"_penuntutsurga","Yang 1% nanti berubah jadi 58% ğŸ‘ sim salabim jadi apa prok prok prok"
"zenidahlan","Pasti si doi yg menangğŸ¤£"